"STATION","DATE","LATITUDE","LONGITUDE","ELEVATION","NAME","TEMP","TEMP_ATTRIBUTES","DEWP","DEWP_ATTRIBUTES","SLP","SLP_ATTRIBUTES","STP","STP_ATTRIBUTES","VISIB","VISIB_ATTRIBUTES","WDSP","WDSP_ATTRIBUTES","MXSPD","GUST","MAX","MAX_ATTRIBUTES","MIN","MIN_ATTRIBUTES","PRCP","PRCP_ATTRIBUTES","SNDP","FRSHTT"
"48894099999","2022-01-01","10.65","106.7166666","3.6","NHA BE, VM","  80.5"," 8","  69.3"," 8","1013.0"," 8","012.6"," 8"," 12.4"," 8","  4.2"," 7","  5.8","999.9","  89.6"," ","  72.9"," "," 0.00","G","999.9","000000"
"48894099999","2022-01-02","10.65","106.7166666","3.6","NHA BE, VM","  81.4"," 8","  71.2"," 8","1012.3"," 8","011.9"," 8"," 12.4"," 8","  2.7"," 5","  3.9","999.9","  90.0"," ","  74.3"," "," 0.00","G","999.9","000000"
"48894099999","2022-01-03","10.65","106.7166666","3.6","NHA BE, VM","  81.3"," 8","  71.3"," 8","1011.5"," 8","011.1"," 8"," 12.4"," 8","  3.4"," 4","  3.9","999.9","  88.7"," ","  75.9"," "," 0.00","G","999.9","000000"
"48894099999","2022-01-04","10.65","106.7166666","3.6","NHA BE, VM","  80.2"," 8","  74.0"," 8","1011.7"," 8","011.3"," 8"," 11.0"," 8","  3.1"," 5","  5.8","999.9","  89.4"," ","  75.9"," "," 0.14","G","999.9","010000"
"48894099999","2022-01-05","10.65","106.7166666","3.6","NHA BE, VM","  80.3"," 8","  72.9"," 8","1011.5"," 8","011.1"," 8"," 12.4"," 8","  3.9"," 4","  3.9","999.9","  88.9"," ","  75.2"," "," 0.00","G","999.9","000000"
"48894099999","2022-01-06","10.65","106.7166666","3.6","NHA BE, VM","  81.3"," 8","  73.7"," 8","1012.3"," 8","011.9"," 8"," 12.4"," 8","999.9"," 0","999.9","999.9","  88.3"," ","  75.7"," "," 0.00","G","999.9","000000"
"48894099999","2022-01-07","10.65","106.7166666","3.6","NHA BE, VM","  81.4"," 8","  71.7"," 8","1012.5"," 8","012.2"," 8"," 12.4"," 8","999.9"," 0","999.9","999.9","  88.5"," ","  75.7","*"," 0.00","G","999.9","000000"
"48894099999","2022-01-08","10.65","106.7166666","3.6","NHA BE, VM","  80.0"," 8","  71.5"," 8","1012.2"," 8","011.8"," 8"," 12.4"," 8","  3.2"," 6","  5.8","999.9","  89.6"," ","  73.6","*"," 0.00","G","999.9","000000"
"48894099999","2022-01-09","10.65","106.7166666","3.6","NHA BE, VM","  80.8"," 8","  71.5"," 8","1011.2"," 8","010.9"," 8"," 12.4"," 8","  3.1"," 7","  5.8","999.9","  90.1"," ","  72.7"," "," 0.00","G","999.9","000000"
"48894099999","2022-01-10","10.65","106.7166666","3.6","NHA BE, VM","  80.8"," 8","  72.3"," 8","1012.3"," 8","011.9"," 8"," 12.4"," 8","  2.9"," 6","  3.9","999.9","  88.9"," ","  75.6","*"," 0.00","G","999.9","000000"
"48894099999","2022-01-11","10.65","106.7166666","3.6","NHA BE, VM","  79.6"," 8","  69.5"," 8","1012.9"," 8","012.5"," 8"," 12.4"," 8","  4.7"," 5","  7.8","999.9","  91.0"," ","  72.7","*"," 0.00","G","999.9","000000"
"48894099999","2022-01-12","10.65","106.7166666","3.6","NHA BE, VM","  79.0"," 8","  67.5"," 8","1013.6"," 8","013.2"," 8"," 12.4"," 8","  3.6"," 6","  5.8","999.9","  89.4"," ","  70.7"," "," 0.00","G","999.9","000000"
"48894099999","2022-01-13","10.65","106.7166666","3.6","NHA BE, VM","  78.4"," 8","  66.8"," 8","1013.6"," 8","013.1"," 8"," 12.4"," 8","  3.9"," 5","  5.8","999.9","  88.2"," ","  70.7"," "," 0.00","G","999.9","000000"
"48894099999","2022-01-14","10.65","106.7166666","3.6","NHA BE, VM","  78.8"," 8","  67.6"," 8","1013.2"," 8","012.8"," 8"," 12.4"," 8","999.9"," 0","999.9","999.9","  88.9"," ","  71.2","*"," 0.00","G","999.9","000000"
"48894099999","2022-01-15","10.65","106.7166666","3.6","NHA BE, VM","  78.7"," 8","  68.6"," 8","1012.8"," 8","012.4"," 8"," 12.4"," 8","999.9"," 0","999.9","999.9","  88.3"," ","  70.5"," "," 0.00","G","999.9","000000"
"48894099999","2022-01-16","10.65","106.7166666","3.6","NHA BE, VM","  80.3"," 8","  68.8"," 8","1012.5"," 8","012.1"," 8"," 12.4"," 8","  2.9"," 8","  7.8","999.9","  89.1"," ","  72.0"," "," 0.00","G","999.9","000000"
"48894099999","2022-01-17","10.65","106.7166666","3.6","NHA BE, VM","  80.1"," 8","  69.7"," 8","1012.5"," 8","012.1"," 8"," 12.4"," 8","  3.4"," 4","  3.9","999.9","  89.1"," ","  74.1","*"," 0.00","G","999.9","000000"
"48894099999","2022-01-18","10.65","106.7166666","3.6","NHA BE, VM","  79.9"," 8","  71.1"," 8","1011.4"," 8","011.0"," 8"," 12.4"," 8","  4.9"," 4","  5.8","999.9","  90.5"," ","  72.5"," "," 0.00","G","999.9","000000"
"48894099999","2022-01-19","10.65","106.7166666","3.6","NHA BE, VM","  79.2"," 8","  70.5"," 8","1010.6"," 8","010.2"," 8"," 12.4"," 8","  4.3"," 5","  5.8","999.9","  88.3"," ","  73.8","*"," 0.00","G","999.9","000000"
"48894099999","2022-01-20","10.65","106.7166666","3.6","NHA BE, VM","  79.0"," 8","  70.8"," 8","1010.5"," 8","010.1"," 8"," 12.4"," 8","  3.9"," 5","  7.8","999.9","  89.1"," ","  72.9","*"," 0.00","G","999.9","000000"
"48894099999","2022-01-21","10.65","106.7166666","3.6","NHA BE, VM","  79.4"," 8","  69.8"," 8","1010.9"," 8","010.5"," 8"," 11.2"," 8","  3.4"," 4","  5.8","999.9","  89.6"," ","  72.9"," "," 0.00","G","999.9","000000"
"48894099999","2022-01-22","10.65","106.7166666","3.6","NHA BE, VM","  79.3"," 8","  71.3"," 8","1009.5"," 8","009.1"," 8"," 12.4"," 8","  5.2"," 6","  7.8","999.9","  89.6"," ","  73.6"," "," 0.00","G","999.9","000000"
"48894099999","2022-01-23","10.65","106.7166666","3.6","NHA BE, VM","  79.5"," 8","  73.2"," 8","1010.1"," 8","009.7"," 8"," 12.4"," 8","  4.7"," 5","  5.8","999.9","  87.1"," ","  75.2"," "," 0.00","G","999.9","000000"
"48894099999","2022-01-24","10.65","106.7166666","3.6","NHA BE, VM","  80.8"," 8","  72.9"," 8","1009.8"," 8","009.4"," 8"," 12.4"," 8","  2.8"," 7","  5.8","999.9","  90.3"," ","  75.2"," "," 0.00","G","999.9","000000"
"48894099999","2022-01-25","10.65","106.7166666","3.6","NHA BE, VM","  79.7"," 8","  72.9"," 8","1010.3"," 8","009.9"," 8"," 12.4"," 8","  3.4"," 4","  5.8","999.9","  87.8"," ","  74.8","*"," 0.00","G","999.9","000000"
"48894099999","2022-01-26","10.65","106.7166666","3.6","NHA BE, VM","  79.9"," 8","  73.5"," 8","1010.2"," 8","009.8"," 8"," 12.4"," 8","  5.1"," 5","  7.8","999.9","  89.6"," ","  74.8","*"," 0.00","G","999.9","000000"
"48894099999","2022-01-27","10.65","106.7166666","3.6","NHA BE, VM","  80.2"," 8","  72.5"," 8","1010.0"," 8","009.6"," 8"," 12.4"," 8","  5.3"," 4","  7.8","999.9","  90.5"," ","  73.8"," "," 0.00","G","999.9","000000"
"48894099999","2022-01-28","10.65","106.7166666","3.6","NHA BE, VM","  81.4"," 8","  73.0"," 8","1010.4"," 8","009.9"," 8"," 11.2"," 8","  2.8"," 7","  3.9","999.9","  90.5"," ","  73.9"," "," 0.00","G","999.9","000000"
"48894099999","2022-01-29","10.65","106.7166666","3.6","NHA BE, VM","  80.6"," 8","  73.8"," 8","1010.2"," 8","009.8"," 8"," 12.4"," 8","  3.9"," 5","  5.8","999.9","  88.2"," ","  75.7"," "," 0.00","G","999.9","000000"
"48894099999","2022-01-30","10.65","106.7166666","3.6","NHA BE, VM","  80.0"," 8","  73.0"," 8","1010.6"," 8","010.2"," 8"," 12.4"," 8","  4.9"," 8","  5.8","999.9","  86.9"," ","  76.1"," "," 0.00","G","999.9","000000"
"48894099999","2022-01-31","10.65","106.7166666","3.6","NHA BE, VM","  81.4"," 8","  70.7"," 8","1010.3"," 8","009.9"," 8"," 12.4"," 8","  5.5"," 7","  7.8","999.9","  90.3","*","  75.0"," "," 0.00","G","999.9","000000"
"48894099999","2022-02-01","10.65","106.7166666","3.6","NHA BE, VM","  82.6"," 8","  69.4"," 8","1010.3"," 8","009.9"," 8"," 12.4"," 8","  6.4"," 7","  9.7","999.9","  92.1"," ","  75.7"," "," 0.00","G","999.9","000000"
"48894099999","2022-02-02","10.65","106.7166666","3.6","NHA BE, VM","  82.6"," 8","  69.9"," 8","1011.5"," 8","011.1"," 8"," 12.4"," 8","  4.9"," 4","  7.8","999.9","  92.7"," ","  76.3"," "," 0.00","G","999.9","000000"
"48894099999","2022-02-03","10.65","106.7166666","3.6","NHA BE, VM","  82.6"," 8","  71.2"," 8","1010.6"," 8","010.2"," 8"," 12.4"," 8","  5.0"," 7","  7.8","999.9","  92.3"," ","  74.8"," "," 0.00","G","999.9","000000"
"48894099999","2022-02-04","10.65","106.7166666","3.6","NHA BE, VM","  82.2"," 8","  71.9"," 8","1010.2"," 8","009.8"," 8"," 12.4"," 8","  4.2"," 6","  5.8","999.9","  91.4"," ","  75.7","*"," 0.00","G","999.9","000000"
"48894099999","2022-02-05","10.65","106.7166666","3.6","NHA BE, VM","  81.3"," 8","  69.7"," 8","1010.7"," 8","010.3"," 8"," 12.4"," 8","  3.6"," 6","  5.8","999.9","  90.9"," ","  73.4"," "," 0.00","G","999.9","000000"
"48894099999","2022-02-06","10.65","106.7166666","3.6","NHA BE, VM","  81.4"," 8","  71.4"," 8","1011.1"," 8","010.7"," 8"," 12.4"," 8","  2.9"," 4","  3.9","999.9","  89.8"," ","  73.8"," "," 0.00","G","999.9","000000"
"48894099999","2022-02-07","10.65","106.7166666","3.6","NHA BE, VM","  82.9"," 8","  71.4"," 8","1010.6"," 8","010.2"," 8"," 12.4"," 8","  4.7"," 7","  5.8","999.9","  91.4"," ","  75.6"," "," 0.00","G","999.9","000000"
"48894099999","2022-02-08","10.65","106.7166666","3.6","NHA BE, VM","  82.9"," 8","  71.1"," 8","1010.7"," 8","010.3"," 8"," 12.4"," 8","  4.4"," 7","  5.8","999.9","  92.3"," ","  77.4","*"," 0.00","G","999.9","000000"
"48894099999","2022-02-09","10.65","106.7166666","3.6","NHA BE, VM","  83.0"," 8","  71.8"," 8","1010.4"," 8","010.0"," 8"," 12.4"," 8","  4.3"," 5","  5.8","999.9","  92.3"," ","  75.9"," "," 0.00","G","999.9","000000"
"48894099999","2022-02-10","10.65","106.7166666","3.6","NHA BE, VM","  82.9"," 8","  70.6"," 8","1009.5"," 8","009.1"," 8"," 12.4"," 8","999.9"," 0","999.9","999.9","  93.2"," ","  75.9"," "," 0.00","G","999.9","000000"
"48894099999","2022-02-11","10.65","106.7166666","3.6","NHA BE, VM","  83.0"," 8","  71.4"," 8","1008.9"," 8","008.5"," 8"," 12.4"," 8","  4.1"," 8","  7.8","999.9","  91.8"," ","  75.6"," "," 0.00","G","999.9","000000"
"48894099999","2022-02-12","10.65","106.7166666","3.6","NHA BE, VM","  82.8"," 8","  70.8"," 8","1008.0"," 8","007.6"," 8"," 12.4"," 8","  3.9"," 6","  3.9","999.9","  92.3"," ","  76.5"," "," 0.00","G","999.9","000000"
"48894099999","2022-02-13","10.65","106.7166666","3.6","NHA BE, VM","  82.7"," 8","  72.6"," 8","1007.6"," 8","007.2"," 8"," 12.4"," 8","  4.2"," 7","  7.8","999.9","  91.8"," ","  76.1"," "," 0.00","G","999.9","000000"
"48894099999","2022-02-14","10.65","106.7166666","3.6","NHA BE, VM","  83.9"," 8","  72.8"," 8","1008.3"," 8","007.9"," 8"," 13.0"," 8","  4.2"," 7"," 11.7","999.9","  93.7"," ","  76.6","*"," 0.00","G","999.9","000000"
"48894099999","2022-02-15","10.65","106.7166666","3.6","NHA BE, VM","  83.2"," 8","  71.7"," 8","1008.8"," 8","008.4"," 8"," 12.4"," 8","  6.8"," 8"," 11.7","999.9","  93.2"," ","  76.5"," "," 0.00","G","999.9","000000"
"48894099999","2022-02-16","10.65","106.7166666","3.6","NHA BE, VM","  82.6"," 8","  72.6"," 8","1008.0"," 8","007.6"," 8"," 12.4"," 8","  6.4"," 7","  9.7","999.9","  91.8"," ","  77.4","*"," 0.00","G","999.9","000000"
"48894099999","2022-02-17","10.65","106.7166666","3.6","NHA BE, VM","  81.8"," 8","  74.2"," 8","1008.5"," 8","008.1"," 8"," 12.4"," 8","  5.3"," 7","  9.7","999.9","  89.6"," ","  76.5"," "," 0.00","G","999.9","000000"
"48894099999","2022-02-18","10.65","106.7166666","3.6","NHA BE, VM","  82.2"," 8","  73.5"," 8","1009.5"," 8","009.1"," 8"," 12.4"," 8","  5.3"," 7"," 11.7","999.9","  91.4"," ","  76.6"," "," 0.00","G","999.9","000000"
"48894099999","2022-02-19","10.65","106.7166666","3.6","NHA BE, VM","  81.7"," 8","  74.3"," 8","1010.2"," 8","009.8"," 8"," 12.4"," 8","  5.4"," 5","  5.8","999.9","  89.6"," ","  75.4"," "," 0.00","G","999.9","000000"
"48894099999","2022-02-20","10.65","106.7166666","3.6","NHA BE, VM","  81.3"," 8","  73.6"," 8","1010.5"," 8","010.1"," 8"," 12.4"," 8","  5.1"," 8","  7.8","999.9","  88.7"," ","  76.3","*"," 0.00","G","999.9","000000"
"48894099999","2022-02-21","10.65","106.7166666","3.6","NHA BE, VM","  82.2"," 8","  73.3"," 8","1010.9"," 8","010.5"," 8"," 12.4"," 8","  4.2"," 6","  5.8","999.9","  90.5"," ","  76.1"," "," 0.00","G","999.9","000010"
"48894099999","2022-02-22","10.65","106.7166666","3.6","NHA BE, VM","  80.4"," 8","  74.2"," 8","1012.2"," 8","011.8"," 8"," 12.4"," 8","  3.9"," 4","  3.9","999.9","  88.7"," ","  76.1","*"," 0.00","G","999.9","000010"
"48894099999","2022-02-23","10.65","106.7166666","3.6","NHA BE, VM","  80.8"," 8","  73.6"," 8","1012.6"," 8","012.2"," 8"," 10.4"," 8","999.9"," 0","999.9","999.9","  91.0"," ","  75.2"," "," 0.04","G","999.9","010000"
"48894099999","2022-02-24","10.65","106.7166666","3.6","NHA BE, VM","  81.3"," 8","  68.4"," 8","1012.8"," 8","012.4"," 8"," 12.4"," 8","  4.9"," 6","  5.8","999.9","  90.5"," ","  74.3","*"," 0.00","G","999.9","000000"
"48894099999","2022-02-25","10.65","106.7166666","3.6","NHA BE, VM","  80.8"," 8","  68.7"," 8","1012.9"," 8","012.5"," 8"," 12.4"," 8","  3.5"," 5","  3.9","999.9","  89.6"," ","  73.4"," "," 0.00","G","999.9","000000"
"48894099999","2022-02-26","10.65","106.7166666","3.6","NHA BE, VM","  82.7"," 8","  69.8"," 8","1012.2"," 8","011.9"," 8"," 12.4"," 8","  4.3"," 5","  5.8","999.9","  93.9"," ","  72.3"," "," 0.00","G","999.9","000000"
"48894099999","2022-02-27","10.65","106.7166666","3.6","NHA BE, VM","  83.4"," 8","  69.4"," 8","1011.9"," 8","011.5"," 8"," 12.4"," 8","  5.8"," 6","  7.8","999.9","  92.3"," ","  74.8"," "," 0.00","G","999.9","000000"
"48894099999","2022-02-28","10.65","106.7166666","3.6","NHA BE, VM","  84.1"," 8","  71.0"," 8","1011.1"," 8","010.7"," 8"," 12.4"," 8","  5.8"," 5","  7.8","999.9","  94.5"," ","  76.8"," "," 0.00","G","999.9","000000"
"48894099999","2022-03-01","10.65","106.7166666","3.6","NHA BE, VM","  83.8"," 8","  70.6"," 8","1011.1"," 8","010.7"," 8"," 12.4"," 8","  3.6"," 7","  5.8","999.9","  92.8"," ","  77.2"," "," 0.00","G","999.9","000000"
"48894099999","2022-03-02","10.65","106.7166666","3.6","NHA BE, VM","  82.5"," 8","  72.4"," 8","1010.8"," 8","010.3"," 7"," 12.4"," 8","  3.9"," 4","  3.9","999.9","  91.9"," ","  77.9"," "," 0.00","G","999.9","000000"
"48894099999","2022-03-03","10.65","106.7166666","3.6","NHA BE, VM","  82.9"," 8","  72.0"," 8","1010.3"," 8","009.9"," 8"," 11.2"," 8","  3.5"," 5","  5.8","999.9","  91.4"," ","  77.7"," "," 0.00","G","999.9","000000"
"48894099999","2022-03-04","10.65","106.7166666","3.6","NHA BE, VM","  83.8"," 8","  71.3"," 8","1009.5"," 8","009.1"," 8"," 12.4"," 8","  5.4"," 5","  5.8","999.9","  94.1"," ","  77.0"," "," 0.00","G","999.9","000000"
"48894099999","2022-03-05","10.65","106.7166666","3.6","NHA BE, VM","  83.3"," 8","  73.4"," 8","1009.5"," 8","009.1"," 8"," 11.7"," 8","  4.7"," 7","  7.8","999.9","  92.8"," ","  77.0"," "," 0.00","G","999.9","010000"
"48894099999","2022-03-06","10.65","106.7166666","3.6","NHA BE, VM","  83.8"," 8","  72.5"," 8","1009.6"," 8","009.2"," 8"," 12.4"," 8","  6.2"," 6","  7.8","999.9","  94.5"," ","  77.4"," "," 0.00","G","999.9","000000"
"48894099999","2022-03-07","10.65","106.7166666","3.6","NHA BE, VM","  82.9"," 8","  72.1"," 8","1009.9"," 8","009.5"," 8"," 12.4"," 8","  4.9"," 6","  7.8","999.9","  92.3"," ","  77.0","*"," 0.00","G","999.9","000000"
"48894099999","2022-03-08","10.65","106.7166666","3.6","NHA BE, VM","  83.1"," 8","  69.5"," 8","1009.3"," 8","008.9"," 8"," 12.4"," 8","  4.4"," 7","  5.8","999.9","  92.7"," ","  75.9"," "," 0.00","G","999.9","000000"
"48894099999","2022-03-09","10.65","106.7166666","3.6","NHA BE, VM","  81.3"," 8","  71.6"," 8","1009.1"," 8","008.7"," 8"," 12.4"," 8","  5.1"," 8","  5.8","999.9","  92.1"," ","  76.1"," "," 0.00","G","999.9","000000"
"48894099999","2022-03-10","10.65","106.7166666","3.6","NHA BE, VM","  79.7"," 8","  70.8"," 8","1008.9"," 8","008.5"," 8"," 12.4"," 8","  4.9"," 6","  7.8","999.9","  87.8"," ","  74.3"," "," 0.00","G","999.9","000000"
"48894099999","2022-03-11","10.65","106.7166666","3.6","NHA BE, VM","  82.3"," 8","  71.2"," 8","1007.5"," 8","007.1"," 8"," 12.4"," 8","  5.1"," 5","  9.7","999.9","  93.7"," ","  75.2"," "," 0.00","G","999.9","000000"
"48894099999","2022-03-12","10.65","106.7166666","3.6","NHA BE, VM","  80.1"," 8","  75.0"," 8","1007.4"," 8","007.0"," 8","  9.9"," 8","999.9"," 0","999.9","999.9","  90.5"," ","  76.3"," "," 0.11","G","999.9","010000"
"48894099999","2022-03-13","10.65","106.7166666","3.6","NHA BE, VM","  83.5"," 8","  74.1"," 8","1007.9"," 8","007.5"," 8"," 12.4"," 8","  5.8"," 6","  7.8","999.9","  92.8"," ","  75.7"," "," 0.00","G","999.9","000000"
"48894099999","2022-03-14","10.65","106.7166666","3.6","NHA BE, VM","  84.0"," 8","  74.5"," 8","1008.2"," 8","007.8"," 8"," 12.4"," 8","  5.5"," 7","  7.8","999.9","  93.2"," ","  78.8"," "," 0.00","G","999.9","000000"
"48894099999","2022-03-15","10.65","106.7166666","3.6","NHA BE, VM","  83.0"," 7","  74.1"," 7","1007.2"," 7","006.8"," 7"," 12.4"," 7","  4.7"," 7","  7.8","999.9","  92.5"," ","  78.4"," "," 0.00","G","999.9","000000"
"48894099999","2022-03-16","10.65","106.7166666","3.6","NHA BE, VM","  82.5"," 8","  72.8"," 8","1007.9"," 8","007.5"," 8"," 12.4"," 8","  3.6"," 8","  5.8","999.9","  90.5"," ","  78.1","*"," 0.00","G","999.9","000000"
"48894099999","2022-03-17","10.65","106.7166666","3.6","NHA BE, VM","  82.7"," 8","  73.9"," 8","1007.6"," 8","007.2"," 8"," 12.4"," 8","  4.6"," 8","  7.8","999.9","  91.4"," ","  77.4"," "," 0.00","G","999.9","000000"
"48894099999","2022-03-18","10.65","106.7166666","3.6","NHA BE, VM","  83.2"," 8","  75.0"," 8","1007.6"," 8","007.2"," 8"," 12.4"," 8","  3.6"," 8","  9.7","999.9","  90.5"," ","  78.3"," "," 0.00","G","999.9","000000"
"48894099999","2022-03-19","10.65","106.7166666","3.6","NHA BE, VM","  83.4"," 8","  74.9"," 8","1007.0"," 8","006.6"," 8"," 12.4"," 8","  3.4"," 8","  5.8","999.9","  92.5"," ","  77.7"," "," 0.00","G","999.9","000000"
"48894099999","2022-03-20","10.65","106.7166666","3.6","NHA BE, VM","  83.5"," 8","  75.2"," 8","1008.6"," 8","008.1"," 8"," 12.4"," 8","  4.9"," 8","  9.7","999.9","  91.9"," ","  78.4"," "," 0.00","G","999.9","000000"
"48894099999","2022-03-21","10.65","106.7166666","3.6","NHA BE, VM","  83.4"," 8","  75.4"," 8","1009.8"," 8","009.4"," 8"," 10.1"," 8","  5.1"," 8","  9.7","999.9","  91.9"," ","  78.8","*"," 0.00","G","999.9","010000"
"48894099999","2022-03-22","10.65","106.7166666","3.6","NHA BE, VM","  83.1"," 8","  75.1"," 8","1010.2"," 8","009.8"," 8"," 12.4"," 8","  3.6"," 8","  7.8","999.9","  92.1"," ","  78.3"," "," 0.03","G","999.9","000000"
"48894099999","2022-03-23","10.65","106.7166666","3.6","NHA BE, VM","  83.8"," 8","  75.6"," 8","1009.6"," 8","009.2"," 8"," 12.4"," 8","  3.4"," 8","  5.8","999.9","  92.1"," ","  77.2"," "," 0.00","G","999.9","000000"
"48894099999","2022-03-24","10.65","106.7166666","3.6","NHA BE, VM","  84.8"," 8","  75.8"," 8","1009.5"," 8","009.1"," 8"," 12.4"," 8","  5.8"," 8","  7.8","999.9","  92.3"," ","  79.3"," "," 0.00","G","999.9","000000"
"48894099999","2022-03-25","10.65","106.7166666","3.6","NHA BE, VM","  84.8"," 8","  75.7"," 8","1010.5"," 8","010.1"," 8"," 12.4"," 8","  4.1"," 8","  7.8","999.9","  93.0"," ","  79.5"," "," 0.00","G","999.9","000000"
"48894099999","2022-03-26","10.65","106.7166666","3.6","NHA BE, VM","  85.6"," 8","  74.8"," 8","1010.5"," 8","010.2"," 8"," 12.4"," 8","  3.6"," 8","  5.8","999.9","  95.0"," ","  78.8"," "," 0.00","G","999.9","000000"
"48894099999","2022-03-27","10.65","106.7166666","3.6","NHA BE, VM","  85.3"," 8","  75.8"," 8","1010.3"," 8","009.9"," 8"," 11.7"," 8","  3.4"," 8","  5.8","999.9","  93.2"," ","  80.4"," "," 0.16","G","999.9","010000"
"48894099999","2022-03-28","10.65","106.7166666","3.6","NHA BE, VM","  83.9"," 8","  75.7"," 8","1009.9"," 8","009.5"," 8"," 10.1"," 8","  3.6"," 8","  7.8","999.9","  94.5"," ","  77.2","*"," 0.00","G","999.9","000010"
"48894099999","2022-03-29","10.65","106.7166666","3.6","NHA BE, VM","  83.5"," 8","  74.6"," 8","1009.3"," 8","008.9"," 8"," 11.2"," 8","  2.4"," 8","  5.8","999.9","  93.7"," ","  76.8"," "," 0.04","G","999.9","000010"
"48894099999","2022-03-30","10.65","106.7166666","3.6","NHA BE, VM","  84.3"," 8","  73.2"," 8","1008.0"," 8","007.6"," 8"," 12.4"," 8","  4.4"," 8","  7.8","999.9","  91.9"," ","  77.0"," "," 0.00","G","999.9","000000"
"48894099999","2022-03-31","10.65","106.7166666","3.6","NHA BE, VM","  81.3"," 8","  74.8"," 8","1008.5"," 8","008.1"," 8"," 10.9"," 8","  2.7"," 8","  5.8","999.9","  90.7"," ","  75.6","*"," 0.24","G","999.9","010010"
"48894099999","2022-04-01","10.65","106.7166666","3.6","NHA BE, VM","  81.3"," 8","  75.9"," 8","1010.4"," 8","010.0"," 8"," 12.4"," 8","  4.4"," 8","  7.8","999.9","  87.4"," ","  75.2"," "," 1.22","G","999.9","000000"
"48894099999","2022-04-02","10.65","106.7166666","3.6","NHA BE, VM","  83.3"," 8","  74.2"," 8","1010.5"," 8","010.1"," 8"," 12.4"," 8","  5.1"," 8","  9.7","999.9","  91.4"," ","  75.9","*"," 0.00","G","999.9","000000"
"48894099999","2022-04-03","10.65","106.7166666","3.6","NHA BE, VM","  82.8"," 8","  71.6"," 8","1010.8"," 8","010.4"," 8"," 12.4"," 8","  4.6"," 8","  5.8","999.9","  94.5"," ","  75.6"," "," 0.00","G","999.9","000000"
"48894099999","2022-04-04","10.65","106.7166666","3.6","NHA BE, VM","  80.4"," 8","  71.3"," 8","1012.3"," 8","011.9"," 8"," 11.7"," 8","  2.2"," 8","  3.9","999.9","  92.5"," ","  76.1"," "," 0.08","G","999.9","010010"
"48894099999","2022-04-05","10.65","106.7166666","3.6","NHA BE, VM","  80.2"," 8","  74.4"," 8","1011.9"," 8","011.5"," 8","  9.3"," 8","  1.9"," 8","  3.9","999.9","  90.9"," ","  75.7"," "," 0.79","G","999.9","010010"
"48894099999","2022-04-06","10.65","106.7166666","3.6","NHA BE, VM","  82.7"," 8","  74.6"," 8","1010.9"," 8","010.5"," 8"," 11.2"," 8","  2.4"," 8","  7.8","999.9","  93.2"," ","  76.5"," "," 0.34","G","999.9","000010"
"48894099999","2022-04-07","10.65","106.7166666","3.6","NHA BE, VM","  83.0"," 8","  74.9"," 8","1010.1"," 8","009.7"," 8"," 12.4"," 8","  2.2"," 8","  3.9","999.9","  91.4"," ","  77.0"," "," 0.00","G","999.9","000000"
"48894099999","2022-04-08","10.65","106.7166666","3.6","NHA BE, VM","  83.8"," 8","  72.9"," 8","1009.8"," 8","009.4"," 8"," 12.4"," 8","  2.9"," 8","  5.8","999.9","  94.1"," ","  76.6"," "," 0.00","G","999.9","000000"
"48894099999","2022-04-09","10.65","106.7166666","3.6","NHA BE, VM","  83.6"," 8","  74.7"," 8","1009.3"," 8","009.0"," 8"," 12.4"," 8","  3.9"," 8","  5.8","999.9","  92.8"," ","  76.1"," "," 0.00","G","999.9","000000"
"48894099999","2022-04-10","10.65","106.7166666","3.6","NHA BE, VM","  82.9"," 8","  72.7"," 8","1009.2"," 8","008.8"," 8"," 12.4"," 8","  5.3"," 8","  9.7","999.9","  90.5"," ","  77.9"," "," 0.00","G","999.9","000000"
"48894099999","2022-04-11","10.65","106.7166666","3.6","NHA BE, VM","  82.8"," 8","  74.4"," 8","1009.0"," 8","008.6"," 8"," 10.3"," 8","  5.6"," 8","  9.7","999.9","  90.1"," ","  78.3"," "," 0.00","G","999.9","010000"
"48894099999","2022-04-12","10.65","106.7166666","3.6","NHA BE, VM","  83.7"," 7","  75.9"," 7","1007.5"," 7","007.1"," 7"," 12.4"," 7","  1.7"," 7","  5.8","999.9","  90.9"," ","  77.7"," "," 1.36","G","999.9","000000"
"48894099999","2022-04-13","10.65","106.7166666","3.6","NHA BE, VM","  84.2"," 8","  76.7"," 8","1006.8"," 8","006.4"," 8"," 12.4"," 8","  2.9"," 8","  7.8","999.9","  93.7"," ","  77.9"," "," 0.01","G","999.9","010000"
"48894099999","2022-04-14","10.65","106.7166666","3.6","NHA BE, VM","  84.9"," 8","  77.0"," 8","1007.2"," 8","006.7"," 8"," 12.4"," 8","  3.9"," 8","  9.7","999.9","  94.6"," ","  77.0","*"," 0.00","G","999.9","000000"
"48894099999","2022-04-15","10.65","106.7166666","3.6","NHA BE, VM","  82.6"," 8","  77.3"," 8","1007.6"," 8","007.2"," 8"," 12.4"," 8","  2.9"," 8","  5.8","999.9","  90.3"," ","  74.8"," "," 0.26","G","999.9","000010"
"48894099999","2022-04-16","10.65","106.7166666","3.6","NHA BE, VM","  82.0"," 8","  76.6"," 8","1008.0"," 8","007.6"," 8"," 12.4"," 8","  1.9"," 8","  3.9","999.9","  90.1"," ","  77.9","*"," 0.59","G","999.9","010000"
"48894099999","2022-04-17","10.65","106.7166666","3.6","NHA BE, VM","  84.0"," 8","  74.7"," 8","1008.7"," 8","008.3"," 8"," 12.4"," 8","  4.6"," 8","  5.8","999.9","  90.7"," ","  77.4"," "," 0.00","G","999.9","000000"
"48894099999","2022-04-18","10.65","106.7166666","3.6","NHA BE, VM","  84.6"," 8","  72.5"," 8","1009.4"," 8","009.0"," 8"," 12.4"," 8","  4.1"," 8","  9.7","999.9","  90.5"," ","  80.1","*"," 0.00","G","999.9","000000"
"48894099999","2022-04-19","10.65","106.7166666","3.6","NHA BE, VM","  84.3"," 8","  73.1"," 8","1010.0"," 8","009.6"," 8"," 12.4"," 8","  3.2"," 8","  5.8","999.9","  92.7"," ","  78.8"," "," 0.00","G","999.9","000000"
"48894099999","2022-04-20","10.65","106.7166666","3.6","NHA BE, VM","  84.5"," 8","  74.5"," 8","1009.5"," 8","009.2"," 8"," 12.4"," 8","  3.2"," 8","  5.8","999.9","  92.5"," ","  78.3"," "," 0.03","G","999.9","000000"
"48894099999","2022-04-21","10.65","106.7166666","3.6","NHA BE, VM","  85.3"," 8","  74.8"," 8","1009.2"," 8","008.9"," 8"," 12.4"," 8","  5.8"," 8","  9.7","999.9","  93.2"," ","  78.4"," "," 0.00","G","999.9","000000"
"48894099999","2022-04-22","10.65","106.7166666","3.6","NHA BE, VM","  85.3"," 8","  74.8"," 8","1009.4"," 8","009.0"," 8"," 12.4"," 8","  4.1"," 8","  7.8","999.9","  93.6"," ","  79.0"," "," 0.00","G","999.9","000000"
"48894099999","2022-04-23","10.65","106.7166666","3.6","NHA BE, VM","  84.8"," 8","  76.7"," 8","1008.6"," 8","008.2"," 8"," 12.4"," 8","  3.2"," 8","  7.8","999.9","  92.5"," ","  78.8"," "," 0.00","G","999.9","000000"
"48894099999","2022-04-24","10.65","106.7166666","3.6","NHA BE, VM","  85.5"," 8","  77.9"," 8","1007.5"," 8","007.1"," 8"," 12.4"," 8","  5.8"," 8","  7.8","999.9","  92.7"," ","  79.5"," "," 0.00","G","999.9","000000"
"48894099999","2022-04-25","10.65","106.7166666","3.6","NHA BE, VM","  85.7"," 8","  77.3"," 8","1007.7"," 8","007.3"," 8"," 12.4"," 8","  5.1"," 8","  7.8","999.9","  91.4"," ","  81.5"," "," 0.00","G","999.9","000000"
"48894099999","2022-04-26","10.65","106.7166666","3.6","NHA BE, VM","  85.8"," 8","  76.5"," 8","1007.7"," 8","007.3"," 8"," 10.9"," 8","  2.9"," 8","  7.8","999.9","  94.1"," ","  79.3","*"," 0.00","G","999.9","000000"
"48894099999","2022-04-27","10.65","106.7166666","3.6","NHA BE, VM","  87.2"," 8","  78.5"," 8","1006.9"," 8","006.5"," 8"," 12.4"," 8","  2.9"," 8","  5.8","999.9","  96.1"," ","  78.8"," "," 0.67","G","999.9","000000"
"48894099999","2022-04-28","10.65","106.7166666","3.6","NHA BE, VM","  85.9"," 8","  76.5"," 8","1007.4"," 8","007.0"," 8"," 12.4"," 8","  4.1"," 8","  5.8","999.9","  92.7"," ","  81.0","*"," 0.00","G","999.9","000000"
"48894099999","2022-04-29","10.65","106.7166666","3.6","NHA BE, VM","  78.7"," 8","  76.0"," 8","1007.9"," 8","007.5"," 8","  7.9"," 8","  2.9"," 8","  5.8","999.9","  83.3"," ","  74.7","*"," 0.20","G","999.9","010000"
"48894099999","2022-04-30","10.65","106.7166666","3.6","NHA BE, VM","  81.2"," 8","  76.8"," 8","1006.8"," 8","006.4"," 8"," 12.4"," 8","  1.7"," 8","  3.9","999.9","  86.0"," ","  74.7"," "," 0.81","G","999.9","000000"
"48894099999","2022-05-01","10.65","106.7166666","3.6","NHA BE, VM","  80.1"," 8","  77.8"," 8","1006.8"," 8","006.4"," 8","  9.3"," 8","  1.9"," 8","  5.8","999.9","  86.9"," ","  77.7","*"," 0.28","G","999.9","010010"
"48894099999","2022-05-02","10.65","106.7166666","3.6","NHA BE, VM","  79.9"," 8","  76.8"," 8","1007.7"," 8","007.3"," 8"," 12.4"," 8","  1.7"," 8","  5.8","999.9","  88.2"," ","  77.5"," "," 0.24","G","999.9","010010"
"48894099999","2022-05-03","10.65","106.7166666","3.6","NHA BE, VM","  82.4"," 8","  76.0"," 8","1008.9"," 8","008.5"," 8","  9.3"," 8","  4.1"," 8","  5.8","999.9","  90.9"," ","  77.9"," "," 0.00","G","999.9","010010"
"48894099999","2022-05-04","10.65","106.7166666","3.6","NHA BE, VM","  80.6"," 8","  75.9"," 8","1008.9"," 8","008.5"," 8","  8.5"," 8","  2.4"," 8","  5.8","999.9","  91.8"," ","  76.1","*"," 0.24","G","999.9","010010"
"48894099999","2022-05-05","10.65","106.7166666","3.6","NHA BE, VM","  82.6"," 8","  76.3"," 8","1007.5"," 8","007.1"," 8"," 12.4"," 8","  2.4"," 8","  5.8","999.9","  90.1"," ","  76.1"," "," 0.12","G","999.9","000000"
"48894099999","2022-05-06","10.65","106.7166666","3.6","NHA BE, VM","  85.1"," 8","  76.7"," 8","1007.3"," 8","006.9"," 8"," 12.4"," 8","  3.4"," 8","  7.8","999.9","  92.5"," ","  78.6"," "," 0.00","G","999.9","000000"
"48894099999","2022-05-07","10.65","106.7166666","3.6","NHA BE, VM","  84.1"," 8","  74.7"," 8","1007.5"," 8","007.1"," 8"," 12.4"," 8","  6.6"," 8"," 11.7","999.9","  92.3"," ","  80.2"," "," 0.00","G","999.9","010000"
"48894099999","2022-05-08","10.65","106.7166666","3.6","NHA BE, VM","  83.3"," 8","  76.0"," 8","1008.1"," 8","007.7"," 8"," 12.4"," 8","  3.4"," 8","  7.8","999.9","  89.1"," ","  79.5"," "," 0.05","G","999.9","000000"
"48894099999","2022-05-09","10.65","106.7166666","3.6","NHA BE, VM","  85.3"," 8","  76.6"," 8","1008.3"," 8","008.0"," 8"," 12.4"," 8","  4.1"," 8","  7.8","999.9","  93.2"," ","  80.2"," "," 0.00","G","999.9","000000"
"48894099999","2022-05-10","10.65","106.7166666","3.6","NHA BE, VM","  85.5"," 8","  77.5"," 8","1008.2"," 8","007.8"," 8"," 12.4"," 8","  2.9"," 8","  3.9","999.9","  92.5"," ","  80.2"," "," 0.00","G","999.9","000000"
"48894099999","2022-05-11","10.65","106.7166666","3.6","NHA BE, VM","  85.2"," 8","  78.1"," 8","1008.1"," 8","007.7"," 8"," 12.4"," 8","  3.9"," 8","  5.8","999.9","  93.4"," ","  80.6"," "," 0.00","G","999.9","000000"
"48894099999","2022-05-12","10.65","106.7166666","3.6","NHA BE, VM","  83.9"," 8","  76.6"," 8","1008.0"," 8","007.6"," 8"," 12.4"," 8","  1.7"," 8","  3.9","999.9","  93.4"," ","  79.5","*"," 0.00","G","999.9","000000"
"48894099999","2022-05-13","10.65","106.7166666","3.6","NHA BE, VM","  83.8"," 8","  78.1"," 8","1007.5"," 8","007.1"," 8"," 11.7"," 8","  1.9"," 8","  5.8","999.9","  94.6"," ","  79.2"," "," 0.98","G","999.9","010010"
"48894099999","2022-05-14","10.65","106.7166666","3.6","NHA BE, VM","  85.8"," 8","  78.3"," 8","1008.7"," 8","008.3"," 8"," 12.4"," 8","  1.9"," 8","  5.8","999.9","  93.2"," ","  78.6"," "," 0.00","G","999.9","000000"
"48894099999","2022-05-15","10.65","106.7166666","3.6","NHA BE, VM","  84.3"," 8","  79.1"," 8","1008.7"," 8","008.3"," 8","  9.3"," 8","  1.9"," 8","  5.8","999.9","  93.0"," ","  81.0","*"," 0.04","G","999.9","010010"
"48894099999","2022-05-16","10.65","106.7166666","3.6","NHA BE, VM","  82.7"," 8","  77.7"," 8","1009.2"," 8","008.5"," 8"," 11.7"," 8","  2.4"," 8","  7.8","999.9","  89.1"," ","  79.7"," "," 0.00","G","999.9","010000"
"48894099999","2022-05-17","10.65","106.7166666","3.6","NHA BE, VM","  82.8"," 8","  76.5"," 8","1009.4"," 8","009.0"," 8"," 10.9"," 8","  2.4"," 8","  5.8","999.9","  91.9"," ","  79.2"," "," 0.00","G","999.9","000000"
"48894099999","2022-05-18","10.65","106.7166666","3.6","NHA BE, VM","  79.7"," 8","  77.9"," 8","1010.2"," 8","009.8"," 8"," 10.3"," 8","  0.7"," 8","  5.8","999.9","  88.7"," ","  77.9","*"," 2.40","G","999.9","010010"
"48894099999","2022-05-19","10.65","106.7166666","3.6","NHA BE, VM","  81.5"," 8","  77.4"," 8","1010.0"," 8","009.6"," 8","  8.9"," 8","  1.0"," 8","  5.8","999.9","  89.6"," ","  77.0"," "," 0.12","G","999.9","010010"
"48894099999","2022-05-20","10.65","106.7166666","3.6","NHA BE, VM","  85.5"," 8","  76.4"," 8","1008.1"," 8","007.7"," 8","  9.6"," 8","  2.2"," 8","  7.8","999.9","  93.7"," ","  78.6"," "," 0.00","G","999.9","010000"
"48894099999","2022-05-21","10.65","106.7166666","3.6","NHA BE, VM","  81.3"," 8","  76.7"," 8","1006.4"," 8","006.0"," 8"," 12.4"," 8","  1.9"," 8","  7.8","999.9","  92.1"," ","  77.2","*"," 1.54","G","999.9","010000"
"48894099999","2022-05-22","10.65","106.7166666","3.6","NHA BE, VM","  80.4"," 8","  75.7"," 8","1005.3"," 8","004.9"," 8","  9.3"," 8","  2.7"," 8","  5.8","999.9","  91.4"," ","  76.5","*"," 0.24","G","999.9","010000"
"48894099999","2022-05-23","10.65","106.7166666","3.6","NHA BE, VM","  82.2"," 8","  75.3"," 8","1006.6"," 8","006.2"," 8"," 12.4"," 8","  4.1"," 8","  9.7","999.9","  89.6"," ","  76.1"," "," 0.00","G","999.9","000000"
"48894099999","2022-05-24","10.65","106.7166666","3.6","NHA BE, VM","  85.7"," 8","  77.1"," 8","1008.8"," 8","008.4"," 8"," 12.4"," 8","  3.2"," 8","  7.8","999.9","  93.9"," ","  79.3"," "," 0.00","G","999.9","000000"
"48894099999","2022-05-25","10.65","106.7166666","3.6","NHA BE, VM","  85.4"," 8","  77.2"," 8","1008.0"," 8","007.6"," 8"," 12.4"," 8","  3.6"," 8","  7.8","999.9","  92.8"," ","  79.7"," "," 0.00","G","999.9","000000"
"48894099999","2022-05-26","10.65","106.7166666","3.6","NHA BE, VM","  82.0"," 8","  76.6"," 8","1007.0"," 8","005.9"," 8","  8.9"," 8","  3.4"," 8","  7.8","999.9","  94.1"," ","  74.5","*"," 0.25","G","999.9","010010"
"48894099999","2022-05-27","10.65","106.7166666","3.6","NHA BE, VM","  79.5"," 8","  76.1"," 8","1006.3"," 8","005.9"," 8","  8.7"," 8","  3.4"," 8","  5.8","999.9","  91.9"," ","  74.8","*"," 1.81","G","999.9","010000"
"48894099999","2022-05-28","10.65","106.7166666","3.6","NHA BE, VM","  80.2"," 8","  75.1"," 8","1006.6"," 8","006.2"," 8"," 11.7"," 8","  2.2"," 8","  9.7","999.9","  90.9"," ","  74.1"," "," 0.59","G","999.9","010010"
"48894099999","2022-05-29","10.65","106.7166666","3.6","NHA BE, VM","  81.2"," 8","  76.6"," 8","1006.4"," 8","006.0"," 8"," 12.4"," 8","  2.2"," 8","  9.7","999.9","  90.0"," ","  77.0"," "," 0.24","G","999.9","000010"
"48894099999","2022-05-30","10.65","106.7166666","3.6","NHA BE, VM","  80.7"," 8","  76.6"," 8","1006.3"," 8","005.9"," 8"," 12.4"," 8","  2.2"," 8","  7.8","999.9","  90.5"," ","  78.1","*"," 0.00","G","999.9","010000"
"48894099999","2022-05-31","10.65","106.7166666","3.6","NHA BE, VM","  85.1"," 8","  77.9"," 8","1006.1"," 8","005.7"," 8"," 12.4"," 8","  2.9"," 8","  5.8","999.9","  93.2"," ","  77.7"," "," 0.00","G","999.9","000010"
"48894099999","2022-06-01","10.65","106.7166666","3.6","NHA BE, VM","  82.8"," 8","  77.1"," 8","1006.9"," 8","006.5"," 8"," 12.4"," 8","  0.7"," 8","  1.9","999.9","  90.5"," ","  78.8","*"," 0.00","G","999.9","000000"
"48894099999","2022-06-02","10.65","106.7166666","3.6","NHA BE, VM","  80.2"," 8","  76.1"," 8","1008.3"," 8","007.9"," 8","  8.1"," 8","  1.9"," 8","  5.8","999.9","  92.8"," ","  76.5","*"," 0.55","G","999.9","010010"
"48894099999","2022-06-03","10.65","106.7166666","3.6","NHA BE, VM","  80.6"," 8","  76.7"," 8","1008.9"," 8","008.5"," 8","  8.5"," 8","  1.9"," 8","  5.8","999.9","  90.1"," ","  76.1"," "," 0.47","G","999.9","010010"
"48894099999","2022-06-04","10.65","106.7166666","3.6","NHA BE, VM","  80.8"," 8","  74.2"," 8","1009.3"," 8","008.9"," 8"," 11.2"," 8","  2.2"," 8","  7.8","999.9","  91.9"," ","  75.7","*"," 0.00","G","999.9","000000"
"48894099999","2022-06-05","10.65","106.7166666","3.6","NHA BE, VM","  83.2"," 7","  75.1"," 7","1007.5"," 7","007.1"," 7"," 12.4"," 7","  1.9"," 7","  3.9","999.9","  92.8"," ","  75.4"," "," 0.00","G","999.9","000000"
"48894099999","2022-06-06","10.65","106.7166666","3.6","NHA BE, VM","  85.3"," 8","  77.1"," 8","1007.0"," 8","006.5"," 8"," 12.4"," 8","  3.2"," 8","  5.8","999.9","  93.9"," ","  77.2"," "," 0.00","G","999.9","000000"
"48894099999","2022-06-07","10.65","106.7166666","3.6","NHA BE, VM","  85.2"," 8","  76.9"," 8","1007.5"," 8","007.1"," 8"," 12.4"," 8","  2.7"," 8","  7.8","999.9","  95.0"," ","  79.3","*"," 0.00","G","999.9","000000"
"48894099999","2022-06-08","10.65","106.7166666","3.6","NHA BE, VM","  84.8"," 8","  77.5"," 8","1007.5"," 8","007.1"," 8"," 11.2"," 8","  2.4"," 8","  5.8","999.9","  95.4"," ","  78.4"," "," 0.55","G","999.9","010000"
"48894099999","2022-06-09","10.65","106.7166666","3.6","NHA BE, VM","  84.2"," 8","  76.2"," 8","1007.3"," 8","006.9"," 8","  9.6"," 8","  2.2"," 8","  5.8","999.9","  95.7"," ","  74.5","*"," 0.00","G","999.9","010010"
"48894099999","2022-06-10","10.65","106.7166666","3.6","NHA BE, VM","  84.3"," 8","  76.8"," 8","1008.1"," 8","007.7"," 8"," 11.2"," 8","  2.2"," 8","  3.9","999.9","  95.7"," ","  74.3"," "," 2.54","G","999.9","000000"
"48894099999","2022-06-11","10.65","106.7166666","3.6","NHA BE, VM","  85.8"," 8","  76.0"," 8","1007.0"," 8","006.6"," 8"," 10.9"," 8","  1.2"," 8","  5.8","999.9","  95.0"," ","  78.1"," "," 0.00","G","999.9","010000"
"48894099999","2022-06-12","10.65","106.7166666","3.6","NHA BE, VM","  80.9"," 8","  76.4"," 8","1008.7"," 8","008.3"," 8","  7.1"," 8","  2.2"," 8","  3.9","999.9","  93.0"," ","  76.6","*"," 0.51","G","999.9","010010"
"48894099999","2022-06-13","10.65","106.7166666","3.6","NHA BE, VM","  82.7"," 8","  77.3"," 8","1008.3"," 8","007.9"," 8"," 11.2"," 8","  0.7"," 8","  1.9","999.9","  91.8"," ","  76.1"," "," 0.43","G","999.9","000000"
"48894099999","2022-06-14","10.65","106.7166666","3.6","NHA BE, VM","  85.2"," 8","  76.8"," 8","1008.3"," 8","007.9"," 8"," 12.4"," 8","  3.2"," 8","  5.8","999.9","  92.7"," ","  77.4"," "," 0.00","G","999.9","000000"
"48894099999","2022-06-15","10.65","106.7166666","3.6","NHA BE, VM","  83.7"," 8","  76.7"," 8","1009.5"," 8","009.1"," 8"," 12.4"," 8","  1.7"," 8","  5.8","999.9","  92.3"," ","  78.8","*"," 0.00","G","999.9","000000"
"48894099999","2022-06-16","10.65","106.7166666","3.6","NHA BE, VM","  85.9"," 8","  76.5"," 8","1009.5"," 8","009.1"," 8"," 12.4"," 8","  2.2"," 8","  5.8","999.9","  93.6"," ","  77.9"," "," 0.00","G","999.9","000000"
"48894099999","2022-06-17","10.65","106.7166666","3.6","NHA BE, VM","  84.2"," 8","  77.0"," 8","1009.0"," 8","008.7"," 8"," 12.4"," 8","  1.9"," 8","  7.8","999.9","  92.3"," ","  79.9","*"," 0.00","G","999.9","000010"
"48894099999","2022-06-18","10.65","106.7166666","3.6","NHA BE, VM","  82.9"," 8","  76.7"," 8","1009.0"," 8","008.6"," 8","  9.3"," 8","  1.9"," 8","  3.9","999.9","  94.1"," ","  77.9","*"," 0.14","G","999.9","010010"
"48894099999","2022-06-19","10.65","106.7166666","3.6","NHA BE, VM","  82.2"," 8","  76.3"," 8","1007.7"," 8","007.2"," 8"," 12.4"," 8","  1.2"," 8","  5.8","999.9","  93.4"," ","  77.4","*"," 0.01","G","999.9","000010"
"48894099999","2022-06-20","10.65","106.7166666","3.6","NHA BE, VM","  82.3"," 7","  75.9"," 7","1006.4"," 7","006.0"," 7","  9.8"," 7","  1.7"," 7","  3.9","999.9","  93.7"," ","  76.6","*"," 0.47","G","999.9","010010"
"48894099999","2022-06-21","10.65","106.7166666","3.6","NHA BE, VM","  80.4"," 8","  75.2"," 8","1007.1"," 8","006.7"," 8","  7.9"," 8","  2.7"," 8","  7.8","999.9","  92.3"," ","  73.8","*"," 2.44","G","999.9","010010"
"48894099999","2022-06-22","10.65","106.7166666","3.6","NHA BE, VM","  81.1"," 8","  76.9"," 8","1009.0"," 8","008.6"," 8","  8.9"," 8","  1.0"," 8","  3.9","999.9","  92.3"," ","  75.9"," "," 1.34","G","999.9","010010"
"48894099999","2022-06-23","10.65","106.7166666","3.6","NHA BE, VM","  80.6"," 8","  75.4"," 8","1009.0"," 8","008.6"," 8","  8.9"," 8","  1.2"," 8","  3.9","999.9","  92.3"," ","  75.2","*"," 2.99","G","999.9","010010"
"48894099999","2022-06-24","10.65","106.7166666","3.6","NHA BE, VM","  81.3"," 8","  76.9"," 8","1007.8"," 8","007.4"," 8"," 12.4"," 8","  2.2"," 8","  7.8","999.9","  89.6"," ","  76.3"," "," 0.19","G","999.9","000000"
"48894099999","2022-06-25","10.65","106.7166666","3.6","NHA BE, VM","  83.9"," 8","  76.1"," 8","1007.3"," 8","006.9"," 8"," 10.9"," 8","  1.5"," 8","  5.8","999.9","  91.4"," ","  77.0"," "," 0.00","G","999.9","010000"
"48894099999","2022-06-26","10.65","106.7166666","3.6","NHA BE, VM","  84.7"," 8","  76.8"," 8","1008.8"," 8","008.4"," 8"," 12.4"," 8","  2.4"," 8","  7.8","999.9","  92.8"," ","  78.6"," "," 0.04","G","999.9","000000"
"48894099999","2022-06-27","10.65","106.7166666","3.6","NHA BE, VM","  84.6"," 8","  77.1"," 8","1007.9"," 8","007.5"," 8","  9.3"," 8","  2.4"," 8","  5.8","999.9","  94.1"," ","  77.7"," "," 0.00","G","999.9","010000"
"48894099999","2022-06-28","10.65","106.7166666","3.6","NHA BE, VM","  82.5"," 8","  76.4"," 8","1006.5"," 8","006.1"," 8"," 11.0"," 8","  1.7"," 8","  3.9","999.9","  91.4"," ","  75.7"," "," 0.59","F","999.9","010000"
"48894099999","2022-06-29","10.65","106.7166666","3.6","NHA BE, VM","  84.8"," 8","  76.7"," 8","1003.3"," 8","002.9"," 8"," 10.1"," 8","  1.9"," 8","  5.8","999.9","  93.4"," ","  77.9","*"," 0.00","G","999.9","000000"
"48894099999","2022-06-30","10.65","106.7166666","3.6","NHA BE, VM","  83.1"," 8","  77.4"," 8","1004.8"," 8","004.4"," 8"," 11.7"," 8","  2.9"," 8","  7.8","999.9","  92.8"," ","  77.7"," "," 0.51","G","999.9","010010"
"48894099999","2022-07-01","10.65","106.7166666","3.6","NHA BE, VM","  80.4"," 8","  76.5"," 8","1004.2"," 8","003.8"," 8"," 12.4"," 8","  1.7"," 8","  5.8","999.9","  88.9"," ","  77.0"," "," 0.20","G","999.9","010000"
"48894099999","2022-07-02","10.65","106.7166666","3.6","NHA BE, VM","  81.1"," 8","  77.1"," 8","1005.6"," 8","005.2"," 8"," 12.4"," 8","  2.2"," 8","  5.8","999.9","  86.4"," ","  77.9"," "," 0.32","G","999.9","010000"
"48894099999","2022-07-03","10.65","106.7166666","3.6","NHA BE, VM","  80.4"," 8","  77.2"," 8","1006.6"," 8","006.2"," 8"," 12.4"," 8","  0.7"," 8","  3.9","999.9","  88.2"," ","  77.7"," "," 0.10","G","999.9","000000"
"48894099999","2022-07-04","10.65","106.7166666","3.6","NHA BE, VM","  82.7"," 8","  77.1"," 8","1006.9"," 8","006.5"," 8"," 12.4"," 8","  2.4"," 8","  3.9","999.9","  91.2"," ","  77.4"," "," 0.00","G","999.9","000000"
"48894099999","2022-07-05","10.65","106.7166666","3.6","NHA BE, VM","  82.7"," 8","  77.7"," 8","1007.0"," 8","006.6"," 8"," 12.4"," 8","  2.4"," 8","  9.7","999.9","  90.0"," ","  77.7"," "," 0.04","G","999.9","010000"
"48894099999","2022-07-06","10.65","106.7166666","3.6","NHA BE, VM","  83.6"," 8","  77.0"," 8","1007.7"," 8","007.2"," 8"," 12.4"," 8","  3.6"," 8","  7.8","999.9","  93.2"," ","  78.4","*"," 0.16","G","999.9","000000"
"48894099999","2022-07-07","10.65","106.7166666","3.6","NHA BE, VM","  84.2"," 8","  77.9"," 8","1007.2"," 8","006.8"," 8","  9.3"," 8","  1.7"," 8","  5.8","999.9","  92.3"," ","  77.9"," "," 0.00","G","999.9","010010"
"48894099999","2022-07-08","10.65","106.7166666","3.6","NHA BE, VM","  80.2"," 8","  76.9"," 8","1007.1"," 8","006.7"," 8","  7.6"," 8","  2.4"," 8","  5.8","999.9","  88.7"," ","  77.7"," "," 0.08","G","999.9","010010"
"48894099999","2022-07-09","10.65","106.7166666","3.6","NHA BE, VM","  80.1"," 8","  75.9"," 8","1005.8"," 8","005.4"," 8","  9.3"," 8","  1.9"," 8","  7.8","999.9","  90.5"," ","  73.6","*"," 1.34","G","999.9","010000"
"48894099999","2022-07-10","10.65","106.7166666","3.6","NHA BE, VM","  79.6"," 8","  74.3"," 8","1006.2"," 8","005.8"," 8","  9.3"," 8","  4.1"," 8","  5.8","999.9","  88.7"," ","  73.6"," "," 0.46","G","999.9","010000"
"48894099999","2022-07-11","10.65","106.7166666","3.6","NHA BE, VM","  80.4"," 8","  75.0"," 8","1006.1"," 8","005.7"," 8","  9.3"," 8","  3.9"," 8","  9.7","999.9","  86.9"," ","  76.6","*"," 0.03","G","999.9","010000"
"48894099999","2022-07-12","10.65","106.7166666","3.6","NHA BE, VM","  79.5"," 8","  75.5"," 8","1005.1"," 8","004.7"," 8"," 12.4"," 8","  4.6"," 8","  5.8","999.9","  91.6"," ","  76.1"," "," 0.08","G","999.9","000000"
"48894099999","2022-07-13","10.65","106.7166666","3.6","NHA BE, VM","  80.9"," 8","  75.3"," 8","1004.4"," 8","004.0"," 8"," 10.1"," 8","  4.1"," 8","  9.7","999.9","  87.3"," ","  75.7"," "," 0.08","G","999.9","010000"
"48894099999","2022-07-14","10.65","106.7166666","3.6","NHA BE, VM","  81.6"," 8","  74.8"," 8","1005.4"," 8","005.0"," 8"," 12.4"," 8","  2.2"," 8","  5.8","999.9","  90.5"," ","  76.5"," "," 0.09","G","999.9","000000"
"48894099999","2022-07-15","10.65","106.7166666","3.6","NHA BE, VM","  81.3"," 8","  77.6"," 8","1006.7"," 8","006.3"," 8"," 12.4"," 8","  1.9"," 8","  5.8","999.9","  88.0"," ","  76.5"," "," 0.12","G","999.9","010000"
"48894099999","2022-07-16","10.65","106.7166666","3.6","NHA BE, VM","  81.2"," 8","  76.9"," 8","1008.0"," 8","007.6"," 8"," 11.7"," 8","  1.5"," 8","  5.8","999.9","  90.5"," ","  77.5"," "," 0.04","G","999.9","010010"
"48894099999","2022-07-17","10.65","106.7166666","3.6","NHA BE, VM","  81.8"," 8","  76.0"," 8","1008.6"," 8","008.2"," 8"," 12.4"," 8","  3.2"," 8"," 13.6","999.9","  91.4"," ","  77.9"," "," 0.00","G","999.9","000000"
"48894099999","2022-07-18","10.65","106.7166666","3.6","NHA BE, VM","  81.7"," 7","  75.9"," 7","1007.1"," 7","006.7"," 7","  9.2"," 7","  1.9"," 7","  5.8","999.9","  92.1"," ","  76.6","*"," 0.01","G","999.9","010000"
"48894099999","2022-07-19","10.65","106.7166666","3.6","NHA BE, VM","  81.6"," 8","  76.3"," 8","1006.3"," 8","005.9"," 8","  9.3"," 8","  2.9"," 8","  7.8","999.9","  90.7"," ","  76.3"," "," 1.57","G","999.9","010010"
"48894099999","2022-07-20","10.65","106.7166666","3.6","NHA BE, VM","  76.9"," 8","  75.7"," 8","1007.9"," 8","007.5"," 8","  5.4"," 8","  1.7"," 8","  5.8","999.9","  83.5"," ","  76.1","*"," 1.97","G","999.9","010010"
"48894099999","2022-07-21","10.65","106.7166666","3.6","NHA BE, VM","  77.5"," 8","  75.7"," 8","1010.3"," 8","009.9"," 8"," 10.4"," 8","  1.0"," 8","  3.9","999.9","  86.9"," ","  74.5","*"," 0.35","G","999.9","010010"
"48894099999","2022-07-22","10.65","106.7166666","3.6","NHA BE, VM","  83.6"," 8","  74.5"," 8","1009.8"," 8","009.4"," 8"," 11.2"," 8","  3.2"," 8","  7.8","999.9","  93.2"," ","  74.3"," "," 0.00","G","999.9","000000"
"48894099999","2022-07-23","10.65","106.7166666","3.6","NHA BE, VM","  82.2"," 8","  76.2"," 8","1009.0"," 8","008.6"," 8"," 12.4"," 8","  1.2"," 8","  5.8","999.9","  90.1"," ","  77.0"," "," 0.00","G","999.9","000010"
"48894099999","2022-07-24","10.65","106.7166666","3.6","NHA BE, VM","  83.8"," 8","  76.6"," 8","1007.6"," 8","007.2"," 8"," 11.0"," 8","  3.2"," 8","  7.8","999.9","  91.0"," ","  77.0"," "," 0.00","G","999.9","000000"
"48894099999","2022-07-25","10.65","106.7166666","3.6","NHA BE, VM","  84.2"," 8","  77.5"," 8","1008.0"," 8","007.6"," 8"," 12.4"," 8","  1.7"," 8","  3.9","999.9","  91.4"," ","  78.6"," "," 0.00","G","999.9","000000"
"48894099999","2022-07-26","10.65","106.7166666","3.6","NHA BE, VM","  82.3"," 8","  75.4"," 8","1008.0"," 8","007.6"," 8"," 11.7"," 8","  2.2"," 8","  5.8","999.9","  91.4"," ","  77.0","*"," 0.00","G","999.9","010010"
"48894099999","2022-07-27","10.65","106.7166666","3.6","NHA BE, VM","  82.4"," 8","  76.1"," 8","1008.2"," 8","007.8"," 8"," 12.4"," 8","  1.5"," 8","  3.9","999.9","  90.0"," ","  76.1"," "," 0.05","G","999.9","000000"
"48894099999","2022-07-28","10.65","106.7166666","3.6","NHA BE, VM","  81.5"," 8","  75.3"," 8","1007.8"," 8","007.4"," 8","  8.5"," 8","  2.4"," 8","  5.8","999.9","  92.7"," ","  76.6","*"," 0.04","G","999.9","010000"
"48894099999","2022-07-29","10.65","106.7166666","3.6","NHA BE, VM","  84.2"," 8","  76.7"," 8","1007.0"," 8","006.6"," 8","  9.3"," 8","  1.5"," 8","  5.8","999.9","  94.1"," ","  76.5"," "," 0.00","G","999.9","010010"
"48894099999","2022-07-30","10.65","106.7166666","3.6","NHA BE, VM","  84.7"," 8","  77.2"," 8","1006.3"," 8","005.9"," 8"," 12.4"," 8","  2.2"," 8","  5.8","999.9","  94.1"," ","  78.4"," "," 0.00","G","999.9","000000"
"48894099999","2022-07-31","10.65","106.7166666","3.6","NHA BE, VM","  83.1"," 8","  76.4"," 8","1005.9"," 8","005.5"," 8"," 10.9"," 8","  3.9"," 8","  5.8","999.9","  93.2"," ","  77.4","*"," 0.00","G","999.9","000000"
"48894099999","2022-08-01","10.65","106.7166666","3.6","NHA BE, VM","  81.5"," 8","  77.3"," 8","1006.8"," 8","006.4"," 8","  8.5"," 8","  2.2"," 8","  7.8","999.9","  91.0"," ","  77.0"," "," 0.41","G","999.9","010000"
"48894099999","2022-08-02","10.65","106.7166666","3.6","NHA BE, VM","  82.2"," 8","  76.8"," 8","1007.9"," 8","007.5"," 8","  9.3"," 8","  1.7"," 8","  3.9","999.9","  91.2"," ","  77.5","*"," 1.11","G","999.9","010010"
"48894099999","2022-08-03","10.65","106.7166666","3.6","NHA BE, VM","  82.5"," 8","  77.0"," 8","1008.6"," 8","008.2"," 8"," 10.1"," 8","  2.2"," 8","  7.8","999.9","  92.3"," ","  77.0"," "," 1.61","G","999.9","010010"
"48894099999","2022-08-04","10.65","106.7166666","3.6","NHA BE, VM","  81.5"," 8","  76.1"," 8","1008.2"," 8","007.8"," 8","  9.6"," 8","  1.7"," 8","  5.8","999.9","  87.8"," ","  76.5","*"," 0.06","G","999.9","010000"
"48894099999","2022-08-05","10.65","106.7166666","3.6","NHA BE, VM","  82.8"," 8","  75.7"," 8","1007.7"," 8","007.3"," 8"," 10.9"," 8","  2.7"," 8","  5.8","999.9","  91.4"," ","  75.2"," "," 1.15","G","999.9","000000"
"48894099999","2022-08-06","10.65","106.7166666","3.6","NHA BE, VM","  81.0"," 8","  75.5"," 8","1007.0"," 8","006.6"," 8"," 11.7"," 8","  1.9"," 8","  7.8","999.9","  88.3"," ","  77.4"," "," 0.35","G","999.9","010000"
"48894099999","2022-08-07","10.65","106.7166666","3.6","NHA BE, VM","  80.2"," 8","  73.8"," 8","1007.1"," 8","006.7"," 8"," 11.7"," 8","  2.9"," 8","  7.8","999.9","  86.0"," ","  76.8","*"," 0.13","G","999.9","010000"
"48894099999","2022-08-08","10.65","106.7166666","3.6","NHA BE, VM","  79.2"," 8","  74.4"," 8","1006.9"," 8","006.4"," 8"," 11.7"," 8","  2.4"," 8","  7.8","999.9","  87.8"," ","  76.1","*"," 0.60","G","999.9","010000"
"48894099999","2022-08-09","10.65","106.7166666","3.6","NHA BE, VM","  81.7"," 8","  75.1"," 8","1006.2"," 8","005.8"," 8"," 10.9"," 8","  3.9"," 8","  7.8","999.9","  88.9"," ","  75.9"," "," 0.08","G","999.9","000000"
"48894099999","2022-08-10","10.65","106.7166666","3.6","NHA BE, VM","  83.0"," 6","  73.8"," 6","1006.0"," 6","005.6"," 6"," 12.4"," 6","  5.8"," 6","  9.7","999.9","  89.6"," ","  77.5"," "," 0.06","G","999.9","000000"
"48894099999","2022-08-11","10.65","106.7166666","3.6","NHA BE, VM","  77.6"," 7","  73.7"," 7","1008.4"," 7","008.0"," 7"," 12.4"," 7","  2.2"," 7","  7.8","999.9","  85.6","*","  74.5","*"," 0.00","G","999.9","010000"
"48894099999","2022-08-12","10.65","106.7166666","3.6","NHA BE, VM","  81.8"," 8","  76.1"," 8","1008.8"," 8","008.4"," 8"," 12.4"," 8","  1.7"," 8","  5.8","999.9","  91.8"," ","  74.1"," "," 0.24","G","999.9","010000"
"48894099999","2022-08-13","10.65","106.7166666","3.6","NHA BE, VM","  84.4"," 8","  75.8"," 8","1008.4"," 8","008.0"," 8"," 12.4"," 8","  1.7"," 8","  3.9","999.9","  94.1"," ","  75.7"," "," 0.00","G","999.9","000000"
"48894099999","2022-08-14","10.65","106.7166666","3.6","NHA BE, VM","  82.6"," 8","  76.9"," 8","1008.1"," 8","007.7"," 8"," 11.7"," 8","  1.2"," 8","  3.9","999.9","  93.2"," ","  78.1"," "," 0.02","G","999.9","010000"
"48894099999","2022-08-15","10.65","106.7166666","3.6","NHA BE, VM","  80.8"," 7","  77.2"," 7","1008.0"," 7","007.6"," 7","  9.8"," 7","  2.2"," 7","  5.8","999.9","  89.2"," ","  76.6","*"," 1.34","G","999.9","010010"
"48894099999","2022-08-16","10.65","106.7166666","3.6","NHA BE, VM","  80.3"," 7","  76.1"," 7","1008.4"," 7","008.0"," 7"," 11.0"," 7","  1.1"," 7","  5.8","999.9","  89.2"," ","  76.6"," "," 0.35","G","999.9","010000"
"48894099999","2022-08-17","10.65","106.7166666","3.6","NHA BE, VM","  81.7"," 8","  77.1"," 8","1008.3"," 8","007.9"," 8"," 12.4"," 8","  1.9"," 8","  7.8","999.9","  88.2"," ","  77.4"," "," 0.00","G","999.9","000000"
"48894099999","2022-08-18","10.65","106.7166666","3.6","NHA BE, VM","  84.0"," 6","  76.9"," 6","1007.4"," 6","006.9"," 6"," 12.4"," 6","  1.9"," 6","  5.8","999.9","  92.3"," ","  77.5"," "," 0.04","G","999.9","010000"
"48894099999","2022-08-19","10.65","106.7166666","3.6","NHA BE, VM","  82.6"," 8","  76.8"," 8","1006.9"," 8","006.5"," 8"," 10.1"," 8","  1.7"," 8","  5.8","999.9","  91.4"," ","  78.3"," "," 0.00","G","999.9","010000"
"48894099999","2022-08-20","10.65","106.7166666","3.6","NHA BE, VM","  82.4"," 8","  77.3"," 8","1006.4"," 8","006.0"," 8"," 12.4"," 8","  1.7"," 8","  5.8","999.9","  90.0"," ","  77.9"," "," 0.12","G","999.9","000000"
"48894099999","2022-08-21","10.65","106.7166666","3.6","NHA BE, VM","  81.4"," 8","  76.3"," 8","1007.4"," 8","007.0"," 8"," 12.4"," 8","  1.9"," 8","  5.8","999.9","  90.0"," ","  76.6","*"," 0.04","G","999.9","000000"
"48894099999","2022-08-22","10.65","106.7166666","3.6","NHA BE, VM","  83.6"," 8","  76.3"," 8","1008.0"," 8","007.6"," 8","  9.3"," 8","  1.5"," 8","  3.9","999.9","  94.1"," ","  76.3"," "," 0.32","G","999.9","010010"
"48894099999","2022-08-23","10.65","106.7166666","3.6","NHA BE, VM","  83.3"," 8","  77.1"," 8","1007.8"," 8","007.4"," 8"," 10.9"," 8","  2.4"," 8","  5.8","999.9","  92.5"," ","  77.9"," "," 0.50","G","999.9","010010"
"48894099999","2022-08-24","10.65","106.7166666","3.6","NHA BE, VM","  82.0"," 8","  75.8"," 8","1006.4"," 8","006.0"," 8","  9.3"," 8","  2.2"," 8","  5.8","999.9","  92.3"," ","  76.5"," "," 0.12","G","999.9","010010"
"48894099999","2022-08-25","10.65","106.7166666","3.6","NHA BE, VM","  79.4"," 8","  75.5"," 8","1007.4"," 8","007.0"," 8","  8.5"," 8","  3.2"," 8","  5.8","999.9","  89.4"," ","  76.3","*"," 0.98","G","999.9","010000"
"48894099999","2022-08-26","10.65","106.7166666","3.6","NHA BE, VM","  78.9"," 8","  75.1"," 8","1009.7"," 8","009.2"," 8"," 12.4"," 8","  1.5"," 8","  3.9","999.9","  89.6"," ","  75.6","*"," 1.10","G","999.9","010000"
"48894099999","2022-08-27","10.65","106.7166666","3.6","NHA BE, VM","  82.4"," 8","  75.1"," 8","1008.4"," 8","008.0"," 8"," 10.9"," 8","  2.2"," 8","  5.8","999.9","  92.8"," ","  74.8"," "," 0.71","G","999.9","010000"
"48894099999","2022-08-28","10.65","106.7166666","3.6","NHA BE, VM","  81.3"," 8","  76.8"," 8","1007.4"," 8","007.0"," 8"," 10.1"," 8","  0.5"," 8","  3.9","999.9","  91.8"," ","  77.0"," "," 0.13","G","999.9","010010"
"48894099999","2022-08-29","10.65","106.7166666","3.6","NHA BE, VM","  84.6"," 7","  76.7"," 7","1008.5"," 7","008.1"," 7"," 12.4"," 7","  5.3"," 7","  9.7","999.9","  90.7"," ","  77.0"," "," 0.05","G","999.9","000000"
"48894099999","2022-08-30","10.65","106.7166666","3.6","NHA BE, VM","  83.6"," 8","  76.7"," 8","1008.6"," 8","008.2"," 8"," 12.4"," 8","  2.4"," 8","  5.8","999.9","  91.6"," ","  78.4","*"," 0.00","G","999.9","000000"
"48894099999","2022-08-31","10.65","106.7166666","3.6","NHA BE, VM","  82.9"," 8","  76.3"," 8","1007.7"," 8","007.3"," 8","  9.3"," 8","  2.7"," 8","  5.8","999.9","  91.9"," ","  77.5"," "," 0.26","G","999.9","010010"
"48894099999","2022-09-01","10.65","106.7166666","3.6","NHA BE, VM","  84.2"," 7","  76.7"," 7","1007.6"," 7","007.2"," 7"," 12.4"," 7","  1.9"," 7","  3.9","999.9","  93.2"," ","  77.5"," "," 0.01","G","999.9","000000"
"48894099999","2022-09-02","10.65","106.7166666","3.6","NHA BE, VM","  83.5"," 8","  76.1"," 8","1008.3"," 8","007.9"," 8"," 12.4"," 8","  3.2"," 8","  5.8","999.9","  93.6"," ","  77.7","*"," 0.00","G","999.9","000010"
"48894099999","2022-09-03","10.65","106.7166666","3.6","NHA BE, VM","  82.4"," 8","  76.1"," 8","1007.8"," 8","007.4"," 8"," 12.4"," 8","  1.2"," 8","  3.9","999.9","  93.7"," ","  76.8"," "," 2.20","G","999.9","000000"
"48894099999","2022-09-04","10.65","106.7166666","3.6","NHA BE, VM","  80.0"," 8","  76.2"," 8","1008.8"," 8","008.4"," 8"," 10.9"," 8","  1.7"," 8","  5.8","999.9","  88.7"," ","  76.3","*"," 0.12","G","999.9","010000"
"48894099999","2022-09-05","10.65","106.7166666","3.6","NHA BE, VM","  81.7"," 8","  75.9"," 8","1008.6"," 8","008.2"," 8"," 10.1"," 8","  1.7"," 8","  5.8","999.9","  90.0"," ","  76.8"," "," 0.12","G","999.9","010000"
"48894099999","2022-09-06","10.65","106.7166666","3.6","NHA BE, VM","  79.9"," 8","  75.8"," 8","1008.4"," 8","008.0"," 8","  8.9"," 8","  4.1"," 8","  9.7","999.9","  89.2"," ","  75.9","*"," 0.10","G","999.9","010010"
"48894099999","2022-09-07","10.65","106.7166666","3.6","NHA BE, VM","  78.1"," 8","  75.4"," 8","1009.4"," 8","009.0"," 8"," 11.2"," 8","  1.5"," 8","  7.8","999.9","  83.5"," ","  75.6"," "," 0.68","G","999.9","010000"
"48894099999","2022-09-08","10.65","106.7166666","3.6","NHA BE, VM","  80.6"," 8","  73.8"," 8","1010.5"," 8","010.1"," 8"," 11.7"," 8","  2.4"," 8","  5.8","999.9","  87.1"," ","  74.3"," "," 0.00","G","999.9","010000"
"48894099999","2022-09-09","10.65","106.7166666","3.6","NHA BE, VM","  84.1"," 8","  76.1"," 8","1009.9"," 8","009.5"," 8"," 11.7"," 8","  1.7"," 8","  3.9","999.9","  91.4"," ","  76.1"," "," 0.00","G","999.9","000010"
"48894099999","2022-09-10","10.65","106.7166666","3.6","NHA BE, VM","  83.5"," 8","  76.8"," 8","1009.7"," 8","009.3"," 8"," 10.3"," 8","  3.2"," 8","  7.8","999.9","  92.1"," ","  77.4","*"," 0.21","G","999.9","010000"
"48894099999","2022-09-11","10.65","106.7166666","3.6","NHA BE, VM","  82.0"," 8","  76.8"," 8","1009.0"," 8","008.6"," 8"," 10.1"," 8","  2.7"," 8","  5.8","999.9","  90.0"," ","  76.8"," "," 0.34","G","999.9","000000"
"48894099999","2022-09-12","10.65","106.7166666","3.6","NHA BE, VM","  80.4"," 8","  75.7"," 8","1008.7"," 8","008.3"," 8"," 12.4"," 8","  1.5"," 8","  3.9","999.9","  88.7"," ","  77.0"," "," 0.09","G","999.9","000000"
"48894099999","2022-09-13","10.65","106.7166666","3.6","NHA BE, VM","  82.9"," 8","  76.3"," 8","1010.0"," 8","009.6"," 8"," 12.4"," 8","  1.9"," 8","  3.9","999.9","  88.7","*","  77.0"," "," 0.00","G","999.9","000000"
"48894099999","2022-09-14","10.65","106.7166666","3.6","NHA BE, VM","  80.6"," 8","  75.4"," 8","1010.8"," 8","010.4"," 8","  8.5"," 8","  2.5"," 7","  5.8","999.9","  90.3"," ","  76.1"," "," 0.02","G","999.9","010000"
"48894099999","2022-09-15","10.65","106.7166666","3.6","NHA BE, VM","  80.8"," 8","  76.3"," 8","1009.3"," 8","008.9"," 8"," 11.2"," 8","  1.9"," 7","  5.8","999.9","  85.3","*","  76.3"," "," 0.29","G","999.9","010000"
"48894099999","2022-09-16","10.65","106.7166666","3.6","NHA BE, VM","  81.7"," 8","  77.1"," 8","1007.6"," 8","007.2"," 8","  9.3"," 8","  2.2"," 8","  5.8","999.9","  92.1"," ","  77.0"," "," 0.33","G","999.9","010000"
"48894099999","2022-09-17","10.65","106.7166666","3.6","NHA BE, VM","  82.6"," 8","  76.4"," 8","1008.2"," 8","007.8"," 8"," 12.4"," 8","  2.4"," 8","  7.8","999.9","  90.0","*","  76.8"," "," 0.00","G","999.9","010000"
"48894099999","2022-09-18","10.65","106.7166666","3.6","NHA BE, VM","  81.9"," 8","  75.3"," 8","1008.5"," 8","008.1"," 8"," 10.9"," 8","  2.2"," 7","  5.8","999.9","  91.0"," ","  74.3"," "," 1.20","G","999.9","000010"
"48894099999","2022-09-19","10.65","106.7166666","3.6","NHA BE, VM","  80.4"," 8","  76.1"," 8","1008.6"," 8","008.2"," 8","  8.1"," 8","  2.4"," 8","  5.8","999.9","  88.2","*","  75.7"," "," 0.28","G","999.9","010000"
"48894099999","2022-09-20","10.65","106.7166666","3.6","NHA BE, VM","  81.2"," 8","  76.2"," 8","1007.6"," 8","007.2"," 8"," 12.4"," 8","  1.0"," 8","  5.8","999.9","  85.3","*","  76.6"," "," 0.25","G","999.9","010000"
"48894099999","2022-09-21","10.65","106.7166666","3.6","NHA BE, VM","  81.6"," 8","  76.3"," 8","1007.2"," 8","006.8"," 8","  9.3"," 8","  1.7"," 8","  3.9","999.9","  88.2","*","  76.6"," "," 0.00","G","999.9","010000"
"48894099999","2022-09-22","10.65","106.7166666","3.6","NHA BE, VM","  80.6"," 8","  76.7"," 8","1008.3"," 8","007.8"," 8"," 11.7"," 8","  3.2"," 8","  7.8","999.9","  86.0","*","  77.9"," "," 0.02","G","999.9","010000"
"48894099999","2022-09-23","10.65","106.7166666","3.6","NHA BE, VM","  82.3"," 8","  75.9"," 8","1008.2"," 8","007.8"," 8","  9.3"," 8","  2.2"," 8","  5.8","999.9","  90.5","*","  77.9"," "," 0.00","G","999.9","010000"
"48894099999","2022-09-24","10.65","106.7166666","3.6","NHA BE, VM","  81.3"," 8","  76.3"," 8","1007.9"," 8","007.5"," 8"," 12.4"," 8","  1.9"," 8","  5.8","999.9","  86.9","*","  77.5"," "," 0.00","G","999.9","000000"
"48894099999","2022-09-25","10.65","106.7166666","3.6","NHA BE, VM","  80.0"," 8","  75.9"," 8","1008.5"," 8","008.1"," 8","  8.5"," 8","  1.2"," 8","  3.9","999.9","  88.2","*","  76.1","*"," 0.02","G","999.9","010000"
"48894099999","2022-09-26","10.65","106.7166666","3.6","NHA BE, VM","  79.1"," 7","  74.7"," 7","1008.2"," 7","007.8"," 7"," 10.7"," 7","  3.9"," 7","  9.7","999.9","  89.1","*","  75.2"," "," 0.50","G","999.9","010000"
"48894099999","2022-10-04","10.65","106.7166666","3.6","NHA BE, VM","  82.3"," 8","  75.2"," 8","1009.5"," 8","009.1"," 8"," 12.4"," 8","  2.9"," 8","  7.8","999.9","  88.2","*","  77.9"," "," 0.00","I","999.9","000000"
"48894099999","2022-10-05","10.65","106.7166666","3.6","NHA BE, VM","  83.1"," 8","  75.1"," 8","1010.1"," 8","009.8"," 8"," 12.4"," 8","  3.4"," 8","  9.7","999.9","  89.6","*","  77.5"," "," 0.00","I","999.9","000000"
"48894099999","2022-10-06","10.65","106.7166666","3.6","NHA BE, VM","  80.8"," 8","  76.3"," 8","1010.6"," 8","010.2"," 8"," 12.4"," 8","  1.5"," 8","  5.8","999.9","  84.6","*","  77.2","*"," 0.00","I","999.9","000000"
"48894099999","2022-10-07","10.65","106.7166666","3.6","NHA BE, VM","  82.3"," 8","  76.7"," 8","1009.6"," 8","009.2"," 8"," 12.4"," 8","  0.7"," 8","  3.9","999.9","  90.0","*","  77.0"," "," 0.55","G","999.9","000000"
"48894099999","2022-10-08","10.65","106.7166666","3.6","NHA BE, VM","  77.7"," 8","  75.8"," 8","1010.8"," 8","010.4"," 8","  8.1"," 8","  2.4"," 8","  5.8","999.9","  80.6"," ","  76.1","*"," 0.61","G","999.9","010010"
"48894099999","2022-10-09","10.65","106.7166666","3.6","NHA BE, VM","  79.5"," 8","  76.2"," 8","1011.3"," 8","010.9"," 8","  8.2"," 8","  1.2"," 8","  3.9","999.9","  83.5","*","  75.7"," "," 0.09","G","999.9","010010"
"48894099999","2022-10-10","10.65","106.7166666","3.6","NHA BE, VM","  79.4"," 8","  74.8"," 8","1011.0"," 8","010.6"," 8"," 10.1"," 8","  0.2"," 8","  1.9","999.9","  86.0","*","  75.0"," "," 0.17","G","999.9","010000"
"48894099999","2022-10-11","10.65","106.7166666","3.6","NHA BE, VM","  80.1"," 8","  75.6"," 8","1010.2"," 8","009.9"," 8"," 12.4"," 8","  1.0"," 8","  3.9","999.9","  87.8","*","  74.7"," "," 0.16","G","999.9","010000"
"48894099999","2022-10-12","10.65","106.7166666","3.6","NHA BE, VM","  81.5"," 8","  75.5"," 8","1009.0"," 8","008.6"," 8"," 11.2"," 8","  2.2"," 8","  3.9","999.9","  89.6","*","  76.1"," "," 0.00","G","999.9","010000"
"48894099999","2022-10-13","10.65","106.7166666","3.6","NHA BE, VM","  83.2"," 8","  73.1"," 8","1007.6"," 8","007.2"," 8"," 12.4"," 8","  2.7"," 8","  7.8","999.9","  90.9","*","  77.0","*"," 0.00","G","999.9","000000"
"48894099999","2022-10-14","10.65","106.7166666","3.6","NHA BE, VM","  80.3"," 7","  71.2"," 7","1005.9"," 7","005.5"," 7"," 12.4"," 7","  3.1"," 7","  5.8","999.9","  87.1","*","  73.8","*"," 0.01","G","999.9","000000"
"48894099999","2022-10-15","10.65","106.7166666","3.6","NHA BE, VM","  78.6"," 8","  69.5"," 8","1007.3"," 8","006.9"," 8"," 12.4"," 8","  3.4"," 8","  7.8","999.9","  85.3","*","  72.5","*"," 0.00","G","999.9","000000"
"48894099999","2022-10-16","10.65","106.7166666","3.6","NHA BE, VM","  81.4"," 8","  71.1"," 8","1009.6"," 8","009.2"," 8"," 12.4"," 8","  2.2"," 8","  3.9","999.9","  89.8","*","  71.6"," "," 0.00","I","999.9","000000"
"48894099999","2022-10-17","10.65","106.7166666","3.6","NHA BE, VM","  83.1"," 6","  75.2"," 6","1008.6"," 6","008.2"," 6"," 12.4"," 6","  3.2"," 6","  9.7","999.9","  89.6","*","  77.4","*"," 0.00","I","999.9","000000"
"48894099999","2022-10-19","10.65","106.7166666","3.6","NHA BE, VM","  77.7"," 8","  75.6"," 8","1009.4"," 8","009.0"," 8","  7.5"," 8","  2.9"," 8","  5.8","999.9","  81.5","*","  75.2"," "," 1.04","G","999.9","010000"
"48894099999","2022-10-20","10.65","106.7166666","3.6","NHA BE, VM","  78.4"," 8","  75.6"," 8","1010.8"," 8","010.4"," 8"," 12.4"," 8","  1.5"," 8","  5.8","999.9","  81.5","*","  74.1"," "," 1.16","G","999.9","010000"
"48894099999","2022-10-21","10.65","106.7166666","3.6","NHA BE, VM","  83.1"," 7","  75.7"," 7","1011.1"," 7","010.7"," 7"," 12.4"," 7","  1.9"," 7","  5.8","999.9","  89.6","*","  77.9","*"," 0.00","G","999.9","000000"
"48894099999","2022-10-22","10.65","106.7166666","3.6","NHA BE, VM","  82.8"," 8","  76.3"," 8","1011.5"," 8","011.1"," 8"," 11.2"," 8","  0.7"," 8","  3.9","999.9","  90.0","*","  77.5"," "," 0.02","G","999.9","000000"
"48894099999","2022-10-23","10.65","106.7166666","3.6","NHA BE, VM","  81.0"," 8","  75.4"," 8","1010.7"," 8","010.3"," 8","  8.7"," 8","  2.2"," 7","  5.8","999.9","  91.8"," ","  74.7"," "," 1.66","G","999.9","010010"
"48894099999","2022-10-24","10.65","106.7166666","3.6","NHA BE, VM","  81.6"," 8","  75.8"," 8","1009.9"," 8","009.5"," 8","  9.5"," 8","  2.9"," 6","  7.8","999.9","  90.5","*","  74.7","*"," 0.08","G","999.9","010010"
"48894099999","2022-10-25","10.65","106.7166666","3.6","NHA BE, VM","  80.9"," 8","  75.9"," 8","1009.9"," 8","009.4"," 8"," 10.9"," 8","  2.2"," 8","  3.9","999.9","  86.0","*","  72.7"," "," 1.23","G","999.9","000000"
"48894099999","2022-10-26","10.65","106.7166666","3.6","NHA BE, VM","  82.3"," 8","  77.1"," 8","1009.2"," 8","008.8"," 8"," 12.4"," 8","  1.7"," 7","  5.8","999.9","  89.6","*","  76.3"," "," 0.94","G","999.9","000010"
"48894099999","2022-10-27","10.65","106.7166666","3.6","NHA BE, VM","  79.8"," 8","  76.8"," 8","1008.8"," 8","008.4"," 8","  7.3"," 8","  1.2"," 8","  5.8","999.9","  87.6"," ","  77.4"," "," 0.24","G","999.9","010010"
"48894099999","2022-10-28","10.65","106.7166666","3.6","NHA BE, VM","  80.3"," 8","  75.2"," 8","1007.3"," 8","007.0"," 8"," 12.4"," 8","  0.3"," 7","  1.9","999.9","  84.4","*","  76.6"," "," 0.04","G","999.9","000000"
"48894099999","2022-10-29","10.65","106.7166666","3.6","NHA BE, VM","  82.4"," 8","  72.4"," 8","1007.0"," 8","006.6"," 8"," 12.4"," 8","  4.1"," 8","  7.8","999.9","  90.0","*","  75.6"," "," 0.01","G","999.9","000000"
"48894099999","2022-10-30","10.65","106.7166666","3.6","NHA BE, VM","  81.3"," 8","  72.9"," 8","1007.3"," 8","006.9"," 8"," 12.4"," 8","  2.7"," 8","  3.9","999.9","  86.4","*","  75.2","*"," 0.00","G","999.9","000000"
"48894099999","2022-10-31","10.65","106.7166666","3.6","NHA BE, VM","  83.5"," 8","  72.5"," 8","1008.1"," 8","007.7"," 8"," 12.4"," 8","  1.9"," 8","  3.9","999.9","  90.5","*","  74.7"," "," 0.00","I","999.9","000000"
"48894099999","2022-11-01","10.65","106.7166666","3.6","NHA BE, VM","  81.2"," 8","  74.0"," 8","1009.3"," 8","008.9"," 8"," 10.9"," 8","  2.2"," 7","  3.9","999.9","  88.7","*","  75.2"," ","99.99"," ","999.9","010000"
"48894099999","2022-11-02","10.65","106.7166666","3.6","NHA BE, VM","  80.7"," 7","  73.8"," 7","1009.9"," 7","009.5"," 7"," 12.4"," 7","  3.1"," 7","  3.9","999.9","  85.5","*","  75.6"," "," 0.01","G","999.9","000000"
"48894099999","2022-11-03","10.65","106.7166666","3.6","NHA BE, VM","  77.6"," 8","  74.6"," 8","1011.2"," 8","010.8"," 8","  8.9"," 8","  0.5"," 8","  3.9","999.9","  81.0"," ","  75.6","*"," 0.35","G","999.9","010000"
"48894099999","2022-11-04","10.65","106.7166666","3.6","NHA BE, VM","  79.5"," 8","  74.9"," 8","1012.4"," 8","012.0"," 8"," 12.4"," 8","  1.2"," 8","  3.9","999.9","  83.3","*","  75.2"," "," 0.16","G","999.9","010000"
"48894099999","2022-11-05","10.65","106.7166666","3.6","NHA BE, VM","  81.6"," 8","  72.6"," 8","1013.2"," 8","012.8"," 8"," 12.4"," 8","  1.9"," 8","  5.8","999.9","  88.7","*","  74.8"," "," 0.00","G","999.9","000000"
"48894099999","2022-11-06","10.65","106.7166666","3.6","NHA BE, VM","  81.1"," 8","  74.8"," 8","1012.0"," 8","011.6"," 8"," 12.4"," 8","  1.2"," 8","  3.9","999.9","  88.9","*","  76.1"," "," 0.00","I","999.9","000000"
"48894099999","2022-11-07","10.65","106.7166666","3.6","NHA BE, VM","  81.9"," 8","  76.5"," 8","1011.2"," 8","010.8"," 8"," 12.4"," 8","  1.5"," 8","  3.9","999.9","  87.1","*","  75.9"," "," 0.00","I","999.9","000000"
"48894099999","2022-11-09","10.65","106.7166666","3.6","NHA BE, VM","  83.3"," 8","  75.1"," 8","1010.5"," 8","010.1"," 8"," 12.4"," 8","  1.2"," 8","  1.9","999.9","  89.6","*","  77.0"," "," 0.00","I","999.9","000000"
"48894099999","2022-11-10","10.65","106.7166666","3.6","NHA BE, VM","  83.7"," 8","  76.2"," 8","1009.7"," 8","009.3"," 8"," 12.4"," 8","  1.5"," 8","  3.9","999.9","  90.5","*","  78.1"," "," 0.00","I","999.9","000000"
"48894099999","2022-11-11","10.65","106.7166666","3.6","NHA BE, VM","  83.6"," 8","  76.7"," 8","1009.6"," 8","009.2"," 8"," 12.4"," 8","  1.5"," 8","  3.9","999.9","  89.8","*","  78.4"," "," 0.00","I","999.9","000000"
"48894099999","2022-11-12","10.65","106.7166666","3.6","NHA BE, VM","  81.2"," 8","  76.3"," 8","1009.3"," 8","008.9"," 8"," 11.7"," 8","  0.0"," 8","999.9","999.9","  91.4"," ","  77.0"," "," 0.46","G","999.9","010000"
"48894099999","2022-11-13","10.65","106.7166666","3.6","NHA BE, VM","  82.7"," 8","  75.5"," 8","1009.4"," 8","009.0"," 8"," 12.4"," 8","  1.9"," 8","  3.9","999.9","  88.0","*","  77.2"," "," 0.00","G","999.9","000000"
"48894099999","2022-11-14","10.65","106.7166666","3.6","NHA BE, VM","  82.9"," 8","  74.6"," 8","1009.5"," 8","009.1"," 8"," 12.4"," 8","  1.5"," 8","  5.8","999.9","  90.7","*","  77.7"," "," 0.00","I","999.9","000000"
"48894099999","2022-11-15","10.65","106.7166666","3.6","NHA BE, VM","  82.4"," 8","  75.6"," 8","1009.4"," 8","009.0"," 8"," 12.4"," 8","  1.9"," 8","  5.8","999.9","  88.9","*","  76.6"," "," 0.05","G","999.9","000010"
"48894099999","2022-11-16","10.65","106.7166666","3.6","NHA BE, VM","  83.3"," 8","  75.2"," 8","1008.7"," 8","008.3"," 8"," 12.4"," 8","  3.4"," 8","  7.8","999.9","  91.4","*","  77.0"," "," 0.00","G","999.9","000000"
"48894099999","2022-11-17","10.65","106.7166666","3.6","NHA BE, VM","  83.3"," 8","  75.1"," 8","1008.5"," 8","008.1"," 8"," 12.4"," 8","  1.7"," 8","  3.9","999.9","  89.1","*","  75.2"," "," 0.00","I","999.9","000010"
"48894099999","2022-11-18","10.65","106.7166666","3.6","NHA BE, VM","  81.3"," 8","  75.6"," 8","1008.9"," 8","008.5"," 8"," 10.9"," 8","  2.4"," 8","  7.8","999.9","  89.1","*","  74.7","*","99.99"," ","999.9","010000"
"48894099999","2022-11-19","10.65","106.7166666","3.6","NHA BE, VM","  78.8"," 8","  74.0"," 8","1006.8"," 8","006.4"," 8"," 11.7"," 8","  1.9"," 8","  5.8","999.9","  81.7","*","  73.8"," "," 0.61","G","999.9","010000"
"48894099999","2022-11-20","10.65","106.7166666","3.6","NHA BE, VM","  78.1"," 8","  75.0"," 8","1005.6"," 8","005.2"," 8","  7.8"," 8","  1.2"," 8","  5.8","999.9","  80.6","*","  76.1","*"," 0.04","G","999.9","010000"
"48894099999","2022-11-21","10.65","106.7166666","3.6","NHA BE, VM","  79.6"," 8","  75.6"," 8","1005.7"," 8","005.3"," 8"," 12.4"," 8","  0.7"," 8","  1.9","999.9","  82.8","*","  75.2"," "," 0.01","G","999.9","000000"
"48894099999","2022-11-22","10.65","106.7166666","3.6","NHA BE, VM","  78.8"," 8","  76.3"," 8","1006.9"," 8","006.5"," 8"," 10.1"," 8","  1.5"," 8","  1.9","999.9","  84.2","*","  77.0"," "," 0.01","G","999.9","010000"
"48894099999","2022-11-23","10.65","106.7166666","3.6","NHA BE, VM","  79.2"," 8","  75.9"," 8","1008.6"," 8","008.2"," 8"," 12.4"," 8","  2.9"," 8","  5.8","999.9","  84.4","*","  75.7"," "," 0.78","G","999.9","010000"
"48894099999","2022-11-24","10.65","106.7166666","3.6","NHA BE, VM","  79.9"," 8","  76.3"," 8","1010.4"," 8","010.0"," 8"," 10.9"," 8","  3.2"," 8","  5.8","999.9","  85.5","*","  75.9"," "," 0.04","G","999.9","010000"
"48894099999","2022-11-25","10.65","106.7166666","3.6","NHA BE, VM","  82.0"," 8","  75.5"," 8","1010.8"," 8","010.4"," 8"," 12.4"," 8","  1.9"," 8","  5.8","999.9","  87.3","*","  76.3"," "," 0.00","G","999.9","000000"
"48894099999","2022-11-26","10.65","106.7166666","3.6","NHA BE, VM","  80.8"," 8","  75.6"," 8","1010.2"," 8","009.8"," 8"," 11.0"," 8","  2.7"," 8","  7.8","999.9","  85.3","*","  76.8"," "," 0.59","G","999.9","010000"
"48894099999","2022-11-27","10.65","106.7166666","3.6","NHA BE, VM","  82.1"," 8","  75.9"," 8","1009.4"," 8","009.0"," 8"," 12.4"," 8","  3.6"," 8","  5.8","999.9","  87.1","*","  76.8"," "," 0.00","G","999.9","000000"
"48894099999","2022-11-28","10.65","106.7166666","3.6","NHA BE, VM","  83.0"," 8","  75.9"," 8","1009.8"," 8","009.4"," 8"," 12.4"," 8","  2.9"," 8","  5.8","999.9","  90.0","*","  77.0"," "," 0.00","I","999.9","000000"
"48894099999","2022-11-29","10.65","106.7166666","3.6","NHA BE, VM","  83.2"," 8","  72.3"," 8","1009.9"," 8","009.5"," 8"," 12.4"," 8","  1.2"," 8","  3.9","999.9","  90.7","*","  77.0","*"," 0.00","I","999.9","000000"
"48894099999","2022-11-30","10.65","106.7166666","3.6","NHA BE, VM","  83.1"," 8","  74.8"," 8","1009.5"," 8","009.1"," 8"," 12.4"," 8","  1.7"," 8","  3.9","999.9","  90.7","*","  76.1"," "," 0.00","I","999.9","000000"
"48894099999","2022-12-01","10.65","106.7166666","3.6","NHA BE, VM","  83.3"," 8","  73.7"," 8","1008.5"," 8","008.1"," 8"," 12.4"," 8","  2.9"," 8","  5.8","999.9","  90.5","*","  77.5"," "," 0.00","I","999.9","000000"
"48894099999","2022-12-02","10.65","106.7166666","3.6","NHA BE, VM","  81.1"," 8","  72.0"," 8","1007.9"," 8","007.5"," 8"," 12.4"," 8","  3.6"," 8","  9.7","999.9","  89.1","*","  76.1","*"," 0.00","I","999.9","000000"
"48894099999","2022-12-03","10.65","106.7166666","3.6","NHA BE, VM","  79.2"," 8","  72.4"," 8","1008.9"," 8","008.5"," 8","  8.7"," 8","  1.7"," 8","  5.8","999.9","  88.0"," ","  73.8","*"," 0.17","G","999.9","010000"
"48894099999","2022-12-04","10.65","106.7166666","3.6","NHA BE, VM","  81.2"," 8","  73.0"," 8","1009.0"," 8","008.6"," 8"," 12.4"," 8","  2.2"," 8","  5.8","999.9","  88.9","*","  73.2"," "," 0.17","G","999.9","000000"
"48894099999","2022-12-05","10.65","106.7166666","3.6","NHA BE, VM","  82.9"," 8","  75.2"," 8","1009.7"," 8","009.3"," 8"," 12.4"," 8","  2.4"," 8","  5.8","999.9","  89.6","*","  75.9"," "," 0.00","G","999.9","000000"
"48894099999","2022-12-06","10.65","106.7166666","3.6","NHA BE, VM","  82.6"," 8","  75.1"," 8","1008.8"," 8","008.4"," 8"," 12.4"," 8","  1.5"," 8","  5.8","999.9","  89.6","*","  77.0"," "," 0.00","I","999.9","000000"
"48894099999","2022-12-07","10.65","106.7166666","3.6","NHA BE, VM","  80.2"," 8","  75.7"," 8","1008.9"," 8","008.5"," 8"," 11.0"," 8","  1.0"," 8","  1.9","999.9","  87.3","*","  76.5"," "," 0.34","G","999.9","010000"
"48894099999","2022-12-08","10.65","106.7166666","3.6","NHA BE, VM","  82.7"," 8","  74.8"," 8","1008.7"," 8","008.2"," 8"," 12.4"," 8","  0.7"," 8","  1.9","999.9","  89.1","*","  76.1"," "," 0.00","G","999.9","000000"
"48894099999","2022-12-09","10.65","106.7166666","3.6","NHA BE, VM","  81.5"," 8","  74.8"," 8","1008.6"," 8","008.2"," 8"," 12.4"," 8","  1.5"," 8","  3.9","999.9","  87.3","*","  75.7"," "," 0.00","I","999.9","000000"
"48894099999","2022-12-10","10.65","106.7166666","3.6","NHA BE, VM","  81.1"," 8","  73.6"," 8","1009.2"," 8","008.8"," 8"," 12.4"," 8","  2.2"," 8","  5.8","999.9","  87.3","*","  76.3","*"," 0.00","I","999.9","000000"
"48894099999","2022-12-11","10.65","106.7166666","3.6","NHA BE, VM","  80.6"," 8","  74.2"," 8","1010.0"," 8","009.6"," 8"," 12.4"," 8","  1.0"," 8","  1.9","999.9","  88.7","*","  74.7","*"," 0.00","I","999.9","000000"
"48894099999","2022-12-12","10.65","106.7166666","3.6","NHA BE, VM","  79.2"," 8","  71.3"," 8","1010.9"," 8","010.5"," 8"," 12.4"," 8","  2.2"," 8","  5.8","999.9","  86.9","*","  73.4","*"," 0.00","I","999.9","000000"
"48894099999","2022-12-13","10.65","106.7166666","3.6","NHA BE, VM","  79.0"," 8","  68.7"," 8","1010.9"," 8","010.5"," 8"," 12.4"," 8","  1.9"," 8","  5.8","999.9","  88.2","*","  70.9"," "," 0.00","I","999.9","000000"
"48894099999","2022-12-14","10.65","106.7166666","3.6","NHA BE, VM","  79.7"," 8","  72.2"," 8","1010.7"," 8","010.3"," 8"," 11.2"," 8","  0.5"," 8","  3.9","999.9","  86.9","*","  72.5"," "," 0.00","I","999.9","000000"
"48894099999","2022-12-15","10.65","106.7166666","3.6","NHA BE, VM","  81.3"," 8","  73.7"," 8","1008.9"," 8","008.5"," 8"," 12.4"," 8","  1.2"," 8","  3.9","999.9","  87.8","*","  72.5"," "," 0.00","I","999.9","000000"
"48894099999","2022-12-16","10.65","106.7166666","3.6","NHA BE, VM","  83.0"," 7","  75.5"," 7","1008.1"," 7","007.7"," 7"," 12.4"," 7","  1.4"," 7","  3.9","999.9","  89.6","*","  77.9","*"," 0.00","I","999.9","000000"
"48894099999","2022-12-17","10.65","106.7166666","3.6","NHA BE, VM","  81.4"," 8","  71.5"," 8","1009.0"," 8","008.6"," 8"," 12.4"," 8","  2.9"," 8","  5.8","999.9","  86.0","*","  76.1"," "," 0.00","I","999.9","000000"
"48894099999","2022-12-18","10.65","106.7166666","3.6","NHA BE, VM","  79.8"," 8","  64.1"," 8","1009.4"," 8","009.0"," 8"," 12.4"," 8","  5.8"," 8","  7.8","999.9","  87.3","*","  74.3","*"," 0.00","I","999.9","000000"
"48894099999","2022-12-19","10.65","106.7166666","3.6","NHA BE, VM","  78.7"," 8","  68.8"," 8","1009.0"," 8","008.6"," 8"," 12.4"," 8","  1.2"," 8","  5.8","999.9","  86.9","*","  71.6"," "," 0.00","I","999.9","000000"
"48894099999","2022-12-20","10.65","106.7166666","3.6","NHA BE, VM","  80.3"," 8","  71.4"," 8","1008.4"," 8","008.0"," 8"," 12.4"," 8","  2.2"," 8","  3.9","999.9","  87.8","*","  72.0"," "," 0.00","I","999.9","000000"
"48894099999","2022-12-21","10.65","106.7166666","3.6","NHA BE, VM","  80.9"," 8","  74.5"," 8","1008.4"," 8","008.0"," 8"," 12.4"," 8","  1.7"," 8","  5.8","999.9","  87.1","*","  73.9"," "," 0.00","I","999.9","000000"
"48894099999","2022-12-22","10.65","106.7166666","3.6","NHA BE, VM","  78.9"," 7","  72.4"," 7","1009.4"," 7","009.0"," 7"," 12.4"," 7","  1.9"," 7","  5.8","999.9","  86.0","*","  72.5","*"," 0.00","I","999.9","000000"
"48894099999","2022-12-23","10.65","106.7166666","3.6","NHA BE, VM","  76.6"," 8","  65.4"," 8","1010.9"," 8","010.5"," 8"," 12.4"," 8","  2.2"," 8","  5.8","999.9","  85.1","*","  69.3"," "," 0.00","I","999.9","000000"
"48894099999","2022-12-24","10.65","106.7166666","3.6","NHA BE, VM","  75.8"," 8","  64.1"," 8","1011.8"," 8","011.5"," 8"," 12.4"," 8","  1.7"," 8","  3.9","999.9","  82.4","*","  67.6"," "," 0.00","I","999.9","000000"
"48894099999","2022-12-25","10.65","106.7166666","3.6","NHA BE, VM","  76.0"," 8","  66.0"," 8","1013.5"," 8","013.1"," 8"," 12.4"," 8","  1.5"," 8","  3.9","999.9","  84.2","*","  68.9"," "," 0.00","I","999.9","000000"
"48894099999","2022-12-26","10.65","106.7166666","3.6","NHA BE, VM","  76.8"," 8","  70.0"," 8","1012.8"," 8","012.4"," 8"," 12.4"," 8","  1.0"," 8","  5.8","999.9","  84.2","*","  69.8"," "," 0.00","I","999.9","000000"
"48894099999","2022-12-27","10.65","106.7166666","3.6","NHA BE, VM","  76.8"," 8","  69.2"," 8","1013.9"," 8","013.5"," 8"," 11.2"," 8","  1.0"," 8","  3.9","999.9","  83.3","*","  70.9"," "," 0.00","I","999.9","000000"
"48894099999","2022-12-28","10.65","106.7166666","3.6","NHA BE, VM","  78.8"," 8","  68.7"," 8","1013.5"," 8","013.1"," 8"," 10.9"," 8","  1.9"," 8","  3.9","999.9","  86.9","*","  70.0"," "," 0.00","I","999.9","100000"
"48894099999","2022-12-29","10.65","106.7166666","3.6","NHA BE, VM","  80.4"," 8","  72.3"," 8","1013.7"," 8","013.3"," 8"," 12.4"," 8","  1.0"," 8","  5.8","999.9","  88.2","*","  72.9"," "," 0.00","I","999.9","000000"
"48894099999","2022-12-31","10.65","106.7166666","3.6","NHA BE, VM","  77.7"," 8","  66.4"," 8","1013.6"," 8","013.3"," 8"," 12.4"," 8","  1.5"," 8","  3.9","999.9","  84.6"," ","  72.5"," "," 0.00","G","999.9","000000"
